goalId,titleDe,scopeClassification,alsoOldTenAnchor,batchNumber,currentBatchId,old407FullPageFingerprint,currentV4FullPageFingerprint,old407ToCurrentV4FullPageChangedFields,old407NativeFinalbookSubsetPageFingerprint,currentV4PreparedSubsetPageFingerprint,currentV4PreparedSubsetPageNumber
1286f2fe-89b7-4454-8e11-85b6abd6e278,Exotherme und endotherme Reaktionen unterscheiden,changed-current-strict-page,False,1,chemie-q1-current378-routes-20261006-v1-001,sha256:afd7625f004df657d123e68ae528318b43adae921ca93e5827cfec5fccf56f9f,sha256:afd7625f004df657d123e68ae528318b43adae921ca93e5827cfec5fccf56f9f,[],,sha256:a99b2553e710608cf4dfd66832b12c25fc0bbce22cd911a8a0000419f766a117,1
542d88e9-4cd3-5f90-bd20-b50ab030d72a,Energieprofile chemischer Reaktionen deuten,changed-current-strict-page,False,1,chemie-q1-current378-routes-20261006-v1-001,sha256:d9f5a369eb78a300a4e022a4a371f56d4b05f7dc8b75a4e46ba2d44eb2a78040,sha256:d9f5a369eb78a300a4e022a4a371f56d4b05f7dc8b75a4e46ba2d44eb2a78040,[],,sha256:820233a55a82b8042c910d9a1e18cf16261491ecf4ca791fc7682fc75b5a8663,2
04fa0ba1-eb6e-53c8-93d4-dfa28bb4b162,Redoxbegriffe sicher anwenden,changed-current-strict-page,False,1,chemie-q1-current378-routes-20261006-v1-001,sha256:e15e413b61b226238f61b4b4fe19507142956fd6f4fa96f0e75f5724d30bff97,sha256:e15e413b61b226238f61b4b4fe19507142956fd6f4fa96f0e75f5724d30bff97,[],,sha256:ec26d26076ece215fe9a1888fc7fb765a048b5db150e11df2a3b22e04b4c02b0,3
16da6a4d-8e9c-5f5d-b69d-338d67a2d362,Einfache Redoxreihen aufstellen,changed-current-strict-page,False,1,chemie-q1-current378-routes-20261006-v1-001,sha256:cfcecfb45a5ef9612e244bb2b39cb595850ea5c501a99e3079ad657a7905b67e,sha256:cfcecfb45a5ef9612e244bb2b39cb595850ea5c501a99e3079ad657a7905b67e,[],,sha256:a4d64e02a9a4758d341ccce9ba1e25a74c5f3c1bbdd67ff469d3cf3691b3589a,4
fd7977bf-1d8e-5c5e-9c37-bd76bb2ffeef,Elektrolyse beschreiben,changed-current-strict-page,False,1,chemie-q1-current378-routes-20261006-v1-001,sha256:a786eeab883d5e8d4e0f0e473d4c8650a3a93f3b914ba00c65dfe043958bee53,sha256:a786eeab883d5e8d4e0f0e473d4c8650a3a93f3b914ba00c65dfe043958bee53,[],,sha256:5eecc8979b1c4290b0bbd02fba13dc955c323521a8f052afc951fa95b0697986,5
efa24b77-0f98-5835-9d82-3e539ab20253,Freiwillige und erzwungene Redoxreaktionen vergleichen,changed-current-strict-page,False,1,chemie-q1-current378-routes-20261006-v1-001,sha256:eb6deec425d46a3513015f7172e606860884f623cc23481a94768d3f769281bf,sha256:eb6deec425d46a3513015f7172e606860884f623cc23481a94768d3f769281bf,[],,sha256:5fc52014d74522d97240275a1ef037c1623a72522f413dc72fd3ac3d1d67e1dc,6
8ece9beb-9458-5ea1-8e45-9be04670f464,Brennstoffe vergleichen,changed-current-strict-page,False,1,chemie-q1-current378-routes-20261006-v1-001,sha256:05378dba34743e3e48ed870523c40ee1c5b97509768ff6a0c1d620a86f88ee02,sha256:05378dba34743e3e48ed870523c40ee1c5b97509768ff6a0c1d620a86f88ee02,[],,sha256:011bf88bfa9e4f0201911d965c389a31b95593e88798a6139e3f235a19a27800,7
4928d5d1-e790-5883-9349-3b03a1c63b99,Innere Energie und Enthalpie in Reaktionssystemen abgrenzen,changed-current-strict-page,False,1,chemie-q1-current378-routes-20261006-v1-001,sha256:1975c2c0a459c8de23e82dfe2fba2e1f8d798cdfeca73d97842b428c98c550ea,sha256:1975c2c0a459c8de23e82dfe2fba2e1f8d798cdfeca73d97842b428c98c550ea,[],,sha256:976ae39e34a92863ba04e915ae48b8c6f621ac56fe8fd48e2661e73c7999fd8b,8
b759d50d-0e82-5b10-89a2-fe5271106e50,Brennstoffzellen verstehen,changed-current-strict-page,False,1,chemie-q1-current378-routes-20261006-v1-001,sha256:e9ddca63b84b28ea8ff29ded37e9b38d3966570aece18e57ef8ff05fd241db9e,sha256:e9ddca63b84b28ea8ff29ded37e9b38d3966570aece18e57ef8ff05fd241db9e,[],,sha256:ab8444df31adb9ebb14f5909e3241d9af0ea7b55d280f87785abce7d61537896,9
6b82f80e-f493-5e6b-9709-2d4eca98c137,Lithium-Ionen-Akkumulator einordnen,changed-current-strict-page,False,1,chemie-q1-current378-routes-20261006-v1-001,sha256:163600bb19a3d14094638859781723577eb6a7c3145d6bd95dea7ae3e17c10e4,sha256:163600bb19a3d14094638859781723577eb6a7c3145d6bd95dea7ae3e17c10e4,[],,sha256:8d125e88ad97f126052d7f8587e5ebb944c9f9d69fd926b4b3945671d9908e19,10
9b56d01e-c2d7-51d8-b78e-237592c1ed20,Molekülgeometrien mit dem EPA-Modell erklären,changed-current-strict-page,False,1,chemie-q1-current378-routes-20261006-v1-001,sha256:9b374349eecc3a9d77988eb61e163ece762e507130e3244de22278a71b0e1370,sha256:781579c2eb8054fe7ecc5e228a8fdec5bcf9bd3bc41455f1af04bd3ecae9e9fa,"[""externalReverseRequires"", ""pageFingerprint""]",,sha256:bd6f09cd1b566d80b42c4ce8e7048df980a799baca949e96f50494f335f5b60f,11
17acbdec-5274-510f-8588-0eac164ebbe5,Halogenreaktionen von Kohlenwasserstoffen vergleichen,changed-current-strict-page,False,1,chemie-q1-current378-routes-20261006-v1-001,sha256:1a4a1268533cfa2856c3c403d32bba7671c257a8b50dc814f03e9b6aae54c320,sha256:90326e0a496fcdcdcc3c54375d29dbe2ffb3579c604ab383a144268921a2779e,"[""externalReverseRequires"", ""pageFingerprint""]",,sha256:b0e557aef861ba5b5f97e80ee67ea555b8ff7b7813f2cfbf3a6ec7790441c90b,12
e5aefd51-2de4-590c-903f-286d043a8c30,Radikalische Substitution mechanistisch darstellen,changed-current-strict-page,False,1,chemie-q1-current378-routes-20261006-v1-001,sha256:53a3476f9585a2f14aa67020899eccebc472701f1a84f9db1d47f025aa000977,sha256:886ebf7875caabd6a13fe089775e25895e1bf566f9b60333d83ffccd14acda6d,"[""externalReverseRequires"", ""pageFingerprint""]",,sha256:b1fd5338ceaa02b190a9542aa7dbf419c3023756b3655e5758d07da34ea7dc3f,13
3fb7dea4-f832-5e23-b518-68b13a655b92,Elektrophile Addition mechanistisch darstellen,changed-current-strict-page,False,1,chemie-q1-current378-routes-20261006-v1-001,sha256:39e8a4c4720e6a8090f3df6be9d156b25e681617ab91c5b1695c4a8373eae4b0,sha256:b6d89effe733b21d5d5dca626fc8002c0ff08c2d3eb51d1c1a592fb9acfec549,"[""externalReverseRequires"", ""pageFingerprint""]",,sha256:c7199c14c8c6071145702625cb3d28990fdf623d1c7e440d4b1f69b1afdd7206,14
f85b4651-50ea-5b42-b193-3465c05257a7,Molekülorbital-Modelle anwenden,changed-current-strict-page,False,1,chemie-q1-current378-routes-20261006-v1-001,sha256:129e81fece23f86efb9f009ea7b456f41a73b1a78aba1de35c295f1a5be069c7,sha256:67fe5668ea9f520554c94d858f9f46660e42df3081d93346b599f956ebacc312,"[""externalReverseRequires"", ""pageFingerprint""]",,sha256:fe7fd94403221af682ea1308c9fc88316889a0f8977e106a515a98a7d14f8844,15
17ab1148-7383-5cab-8b91-73aff795f1e4,Elektrophile Substitution am Aromaten modellieren,changed-current-strict-page,False,1,chemie-q1-current378-routes-20261006-v1-001,sha256:46d89372fdbeefa555525df59313cd76c4098c7c1c3478e4e3d3b425726de52f,sha256:e4df37798229eb824ec81f28186ea7212fad26e0ed076a9db9616afde3693508,"[""externalReverseRequires"", ""pageFingerprint""]",,sha256:50ce1a8ef67e52c16fd337ef8e47645d4f2175780eeacda6af3c60cc00c64746,16
85342c52-9722-54b0-8fbb-513d9d648363,Konfiguration und Konformation unterscheiden,changed-current-strict-page,False,1,chemie-q1-current378-routes-20261006-v1-001,sha256:4a043da4b306830077eabbb9bbf64d3a71578d0cfd775975cb573a2b9a7784e3,sha256:4d34124623d4200071be6211f4b1751449d9323ad529f6a54fb8d80df75b2546,"[""externalReverseRequires"", ""pageFingerprint""]",,sha256:150a244b5886b54e6397751c5b6dcb2e396f7af79daca8a8856e12535a865fdd,17
70bcb6bd-b7f8-5e23-b466-f9bc270a9c67,MO-Schemata durch Linearkombination von Atomorbitalen erklären,changed-current-strict-page,False,1,chemie-q1-current378-routes-20261006-v1-001,sha256:2bfaac039dc95093e43b54f8259ef3aa79ab8cd5e45551c578828b1d6737fd86,sha256:4b1b563b6edabf68c719a237bd237365e27758699156a099b39b0679ead2c9cf,"[""externalReverseRequires"", ""pageFingerprint""]",,sha256:a51b8d75c1345b3a477583f0bf0dec84a9211384a43f806dd46b347a1b088ad7,18
37b4081a-244a-58d8-b448-88ed83344210,Hybridisierung zur Vorhersage organischer Bindungsverhältnisse nutzen,changed-current-strict-page,False,1,chemie-q1-current378-routes-20261006-v1-001,sha256:d8f825064bc45b0c3c25771f8c3e7ca64742de427e5a9586c65a7893ef23d770,sha256:1d08d81b1d7fb6bd48c3e4c9765da787ebc22d88f02e7fe6011b0c0dc9c88544,"[""externalReverseRequires"", ""pageFingerprint""]",,sha256:e5a984bd926530e31dbc6602bd00f74f749c57eb19c1cff2568a7a00a2b6b0e9,19
c98683ae-3309-581e-b02b-b10ad703d8a0,Organische Moleküle mit dem Hybridisierungsmodell darstellen,changed-current-strict-page,False,1,chemie-q1-current378-routes-20261006-v1-001,sha256:676199396619a2ba5b65c223d8ff2d171a7ad4169b8955ccc4f1edab7422ee26,sha256:9d559ea6f41fec9ef461cd5c4425cdec9398544d79c6cec2d89d25a63767dd1f,"[""externalReverseRequires"", ""pageFingerprint""]",,sha256:4feb406fe1b883c151cd6f7533f251b7f6eb6ccc7b464999964ac785813d206e,20
321d801d-28e4-54a2-bd31-8c07bda2f392,Hybridisierungsmodell und Molecular Modelling vergleichen,changed-current-strict-page,False,2,chemie-q1-current378-routes-20261006-v1-002,sha256:84d9172fddb8a25a7238ab6acedd2941747e256a689e6d30ef9b85ab1bbd1a4c,sha256:4ec8fdf64d8927dda2162b30ed356d01047eccaa8bd8d91baf98b3d5b043a6ff,"[""externalReverseRequires"", ""pageFingerprint""]",,sha256:021af8aadd46332e1a53efd6df12c41fe3dfd020957c1fdec7af7e964d2a2879,1
536b48b2-7822-5b7e-9059-ad43400da7e0,Alkanole benennen,changed-current-strict-page,False,2,chemie-q1-current378-routes-20261006-v1-002,sha256:84899994f0b95a9fc56aac5ea172d8553ae0f9e764b7ae51ce889a8636239c6e,sha256:f067da699c48eb548e19b1cd012356a1b49d511fe629a1ea76089a2dde4cdbb9,"[""externalReverseRequires"", ""pageFingerprint""]",,sha256:661f7d34f0e2fd13fe72c2def69d8eac9c779f67f51eb14a3f556fadc8c4d50e,2
e9b61d96-a271-5e69-b872-8c463f822be1,Konstitutionsisomere von Alkanolen diskutieren,changed-current-strict-page,False,2,chemie-q1-current378-routes-20261006-v1-002,sha256:14ec92dc9135bf94a03e5ce384c1b86a5857bdd5783e9624f7ae72eda23fedde,sha256:87f48b7e6a2dc1b370759c9bf17ad372a85da99a26864782b4424efc110a229e,"[""externalReverseRequires"", ""pageFingerprint""]",,sha256:ab331afb95a66a80a82485d00ff69682d29278df33d69207606517caf4e46b91,3
91cd4728-b811-562a-970b-18b81dfb4bdf,Polare Eigenschaften erklären,changed-current-strict-page,False,2,chemie-q1-current378-routes-20261006-v1-002,sha256:563ea2d347d5a83f48e0d54cf9816f0232d555fc39d921a7e2790fd29d6c5b03,sha256:d82b0227e2ba04cab658000b3e3781ba5a5d95ffa16d919560a0f28c014bdd2f,"[""externalReverseRequires"", ""pageFingerprint""]",,sha256:fa8e330f20d4622c7c265885383773f9bff85bcc2f1d4866a774a2e5a7de1276,4
41396457-d97b-55f3-9804-2af1bb188e79,Halogenidionen-Nachweise deuten,changed-current-strict-page,False,2,chemie-q1-current378-routes-20261006-v1-002,sha256:1c3128c390ebf3e5d0249201414bbb61fe4ed3023b484242fc600b40b8633f1b,sha256:c1075e5cb552e48a60c37987ef193c2f6db5d0c4e7f5bb0d5d451e434b4389ee,"[""externalReverseRequires"", ""pageFingerprint""]",,sha256:8c421486c0ea58e9ff1321ec0dcf1f9b0f593d4e602668c86d5542040be0db24,5
858d56e0-ab8f-51a4-b07e-7d9d94cab8e2,Oxidierbarkeit von Alkanolen vergleichen,changed-current-strict-page,False,2,chemie-q1-current378-routes-20261006-v1-002,sha256:f94157037baacf7586b60c6bebc7d998864e388f71eeb7c0241745c455b70c10,sha256:f7ef66756ae035a43be1f6beb95910b53a1c47a743006ca4949263177a8de866,"[""externalReverseRequires"", ""pageFingerprint""]",,sha256:ffa5ad6b279ff799b5c15a964d0623a8fe208c0401ab97abfad81bbd2478c685,6
5851b53a-162b-5c17-9269-510ee54ad846,Oxidationsprodukte von Alkanolen erklären,changed-current-strict-page,False,2,chemie-q1-current378-routes-20261006-v1-002,sha256:554b8930650a5641719417f16856996a08b9619a1bc5c1805ef59e16e1099912,sha256:498fda4ce8f15bbf5f979578f9a3f43d333c3791f1d2be051414b8dbf1cf5c23,"[""externalReverseRequires"", ""pageFingerprint""]",,sha256:ad443ce5ce860b0197a175ef771f8a5cbb2fbb2f63a797ef1eef7bf048c4748a,7
a4bac92b-d685-5cb6-94c8-c9b8b878d125,Substitutionsmechanismen differenzieren (LK),changed-current-strict-page,False,2,chemie-q1-current378-routes-20261006-v1-002,sha256:f0810d21a361af2e7972e5734f1e33f3e190752b0ccc39df8a84386c84c086b9,sha256:9d7dfa57c963a262c4965626d9e2176ab415cb96d64021f11693d51e8868f10e,"[""externalReverseRequires"", ""pageFingerprint""]",,sha256:3248824322ccabdabb84da603d9233992da637758bea5c2fd594a96be56bc47e,8
cdd4ee76-5b37-54ee-b238-63db71205af0,SN1/SN2 vergleichen,changed-current-strict-page,False,2,chemie-q1-current378-routes-20261006-v1-002,sha256:13864a644ab9f49516696982e0779ab058be9eb01a1cce951e46d75a87cf29e9,sha256:8e6c125c59084e994b026b5c6cb13bfa3d7401b10aad1e2908fc8ce29686fa6e,"[""externalReverseRequires"", ""pageFingerprint""]",,sha256:d899f7e8b3182f03957bccaf4f02fd21b22e5758314c2be969dcc28fe7fde763,9
a3788e40-b540-5bed-be37-b33053528422,Carbonsäuren beschreiben,changed-current-strict-page,False,2,chemie-q1-current378-routes-20261006-v1-002,sha256:221a69f74b610077fbfeb88b4f3468138cabb0ff1fc402f15459758a2faac2fb,sha256:c551dafeb1cffe4dd531fdd6c6eda4730902a488d3a6dcf8de2ec2aab08cc82a,"[""externalReverseRequires"", ""pageFingerprint""]",,sha256:6e00423875be1fc92fd51658739938cb744762a119ecc39fbca1fc6b59228c28,10
ca216bc6-5205-5b46-abbd-fd5628e4ca5b,Acidität begründen,changed-current-strict-page,False,2,chemie-q1-current378-routes-20261006-v1-002,sha256:086b9df697c4085f74833664ce2f6f31728818fc20945e33ccf5278bd78d9162,sha256:b135619c4dc78c047599936706af45a1dcb28c194eca67e8b7a60f33cef175cc,"[""externalReverseRequires"", ""pageFingerprint""]",,sha256:bf7cce3750661a9396c28cf312fb1a0f11fe61e50a440d0a08fd4fb34fc07dc1,11
70b34ae7-4481-590c-9a02-516464750832,Esterbildung und Estereigenschaften erklären,changed-current-strict-page,True,2,chemie-q1-current378-routes-20261006-v1-002,sha256:26e28879dbb6aded368ba782471687860b2cf9209ad3c7938fba40fcf03857e7,sha256:83df6c43d2331c6c4974a0b2af1a87a4cf6be59ecbc683fae02b0c8171384b14,"[""externalReverseRequires"", ""pageFingerprint""]",sha256:faac72fcf240d3dda59d2623ae9b89a68f723a77d903cbba076a67eb4c87fd8a,sha256:67acf6ece6c73f90e901d0d1bf854f8c285722a23a7e7089d3bee4fc46c59857,12
667bc303-e9b8-570b-84f1-61cc8bdfd006,Esterreaktionen und ihre Reversibilität deuten,changed-current-strict-page,False,2,chemie-q1-current378-routes-20261006-v1-002,sha256:e5cd8fd87f306803504dd918be24bfedbf4f1a0331cf775dfd7dbb071f688251,sha256:e97ac349f6f9f29aaf1880559a031237ed8d8096fe0631acda63e9382e3e5617,"[""externalReverseRequires"", ""pageFingerprint""]",,sha256:28e3ccf06d1e74b5823b3852c00cd5d29a36094df64fefa5852f5407aafb78e7,13
bd36dc58-c93e-5247-9e82-da2f9e4e2bed,Di- und Tricarbonsäuren strukturell beschreiben (LK),changed-current-strict-page,False,2,chemie-q1-current378-routes-20261006-v1-002,sha256:491d851ac7d3c36b181817485ab1c541fb96a3cc06af0dd7d0c9c42fb7d98ed7,sha256:870cf8b35d837e6ff356eda99385a81f6d0fabb91722bdb2b02bc80d02e979b9,"[""externalReverseRequires"", ""pageFingerprint""]",,sha256:319b0607199a402146d148d84b607402710d6f59837bacd47f614c33bed1b60b,14
4da0839d-ab6d-53c1-ac21-c9872555ae16,Alkalische Esterhydrolyse mechanistisch vertiefen (LK),changed-current-strict-page,False,2,chemie-q1-current378-routes-20261006-v1-002,sha256:75983fe39edc3498e2373993fcaa35c1cab2412b77d97b4b9d5821e5514f7d32,sha256:e26f04ad4cd4853e5912017a1eed24bb96c686356f8fd7e6538595b7c5089e85,"[""externalReverseRequires"", ""pageFingerprint""]",,sha256:5b1ded2f1a8818aeb384d9d911da31057627ec839dd78db4e9199728a078c1e9,15
057a6826-f599-53b1-bdd1-5a83037a1494,Carbonsäure-Derivate vergleichen,old-ten-anchor-outside-changed45,True,2,chemie-q1-current378-routes-20261006-v1-002,sha256:a9af84945e8989010ec0dd5287c2f3e61cef66c1c5d9335393b1c243fe2b43a6,sha256:9a21acd91a13eec74d0e8e0b1588d1039c3c3283a358b417d9d7873e8fdbb5ae,"[""externalReverseRequires"", ""pageFingerprint""]",sha256:6df55ab21a239c86eb230f4303b4e6ff8ebd5713b4e7c4fd286bdc8f91de6928,sha256:510480d8b6eb81fde1af0abbad7b4558126310ce952fff479cb0103f09aac034,16
9d97f628-c3ea-5dc0-8723-b17b16297af3,Transesterifizierung planen,changed-current-strict-page,False,2,chemie-q1-current378-routes-20261006-v1-002,sha256:61bd90d5947aab5cb6c3f2e4005e8cf255cf3759f4ad241b4aa977d99ded2d29,sha256:b6102f64a21dd747d99c323ceffb224bd5d7e32d5fe626711b4dc5b66474a970,"[""externalReverseRequires"", ""pageFingerprint""]",,sha256:7dea902353bff4ff3b6a8abcd71a209f066bc00c79615d62a146c480a7471725,17
39c85aa0-b01f-56ec-a148-b8009bf650f5,Ringbildung und Lactone,old-ten-anchor-outside-changed45,True,2,chemie-q1-current378-routes-20261006-v1-002,sha256:0ecbc6816b4728be669b661ce1fc1fc37b5e00540cb9c95ca37b2dfc4c6c4460,sha256:93fe045afbe7edef1f11a4f703322f2960a553ff938f68d9edc890873b4dac66,"[""externalReverseRequires"", ""pageFingerprint""]",sha256:36d4d531aa00682ebf00560746ba81e890c188f759e269cf9a87be12ec8e895a,sha256:003396e7b144122c15055b442de784b15c7dfeaf193f0adace3b8908fce7dc90,18
6765f741-42a6-55c5-a218-81b883b1f5ae,Seifen herstellen,changed-current-strict-page,False,2,chemie-q1-current378-routes-20261006-v1-002,sha256:de015a20c6dea944afaafbba62ffc0b42ac4a7f7cd11e57dacac6b4cf6e0c22a,sha256:c69e31c14177592c5f448e69b342d5d474d1564183c01f3b4f384cc43d2862dd,"[""externalReverseRequires"", ""pageFingerprint""]",,sha256:27448c3617f41794ba1b6a3b15f28dd1c7b348068d53dcf9d935de4645c76f69,19
6966df95-f125-5ecc-af8e-0442545d9f17,Micellenbildung deuten,changed-current-strict-page,False,2,chemie-q1-current378-routes-20261006-v1-002,sha256:0e9506e6cc7eacbf6917dda0c015e4753a361ff4a5eaece891b00af3f964f4f5,sha256:ef848547c4efa9e4243e57df5dc04e774563c47e0ffc39ba501921703f1bd513,"[""externalReverseRequires"", ""pageFingerprint""]",,sha256:29f40b06589796512a90ea64f4a6970f0cc823be5f1b8e61fff8010fa9ccfbea,20
e874ee60-4569-5830-81bf-11f86f0c63ac,Seifen und moderne Tenside vergleichen,changed-current-strict-page,False,3,chemie-q1-current378-routes-20261006-v1-003,sha256:c9785cbc0ba5f5709f818245a9ae88cd7ddb4ddc301fa06a5442b681860d29a2,sha256:f3f24e2b3528af96a930e25ba2534c7c0c45d6e601701bf750bd08cb53cbe9ac,"[""externalReverseRequires"", ""pageFingerprint""]",,sha256:f9d8eb1ecb7711b3c5aab54c80895dbdc44f2f1ddb16bd419221f501e57509db,1
1837690e-cfb1-5b1c-96c8-0fb40d6d5d69,Waschvorgänge beeinflussen,changed-current-strict-page,False,3,chemie-q1-current378-routes-20261006-v1-003,sha256:82643d6cf66eb95f492dc2e165583c85b3e5ce50f56cf641c86acb22e917f9a0,sha256:b590a62294ce531faded6e77108a53ef8fa2b0beca1170589097157868e61ab2,"[""externalReverseRequires"", ""pageFingerprint""]",,sha256:bef84bac9c707f7ede650a92d751e9317054ef5b603bd23fb2680c9e07797a54,2
8a491e3b-5d0b-51d3-9b14-0977ec035dd6,Wasserhärte unterscheiden und Enthärtung erklären (LK),changed-current-strict-page,False,3,chemie-q1-current378-routes-20261006-v1-003,sha256:b15be9e1ce512293e65ef0c1d1b9b934ab12131bfbc0f4eb63d33f64684de7d2,sha256:0ffc87469c3744a6fc0dd34ca1701201011f946598d5ce8aa95124f12fd2936b,"[""externalReverseRequires"", ""pageFingerprint""]",,sha256:9e34a601c8c0508dae2fb913e9cc5e11270ff8ac9bf449ac645ffc9ae02404c4,3
d742ecb0-0795-5446-a95d-9503d4618475,Tensid-Performance bewerten,old-ten-anchor-outside-changed45,True,3,chemie-q1-current378-routes-20261006-v1-003,sha256:fe1db50f93c56c219b7269c7a4f111dbd5703b9c8f4d1e44125e9de5eddef624,sha256:68de5b415dd09dbde0b30bd8ccba181665f5b7e910695e347e58f906d270cc2d,"[""externalReverseRequires"", ""pageFingerprint""]",sha256:695b2265c24a551f954b8f2e7dd23bdca5b8cae6e4bb4424c50ee2edebc6e254,sha256:bdbeb227acfd2159ce129dcd8f02a4a20fb506fd17e4c0c8a472910e3e1eb403,4
e9ea1606-5018-5a36-9ac2-8359747a65d4,Biologische Abbaubarkeit,changed-current-strict-page,False,3,chemie-q1-current378-routes-20261006-v1-003,sha256:3e81ba917a3f366641545275d5934644a14a0c0be91eaaf07083f50f903a6425,sha256:cb353e9878900d34dab750d18254536c173c7f28717f4aafb27cd04fa860128f,"[""externalReverseRequires"", ""pageFingerprint""]",,sha256:c6c08eb0c51ab5277ab37a441a1b4dc49ce8bf91796cdf3495cc110b2cfcfc20,5
33e845cc-1a7b-50d5-99b3-8079575c4e6a,Konservierungsmethoden vergleichen,changed-current-strict-page,False,3,chemie-q1-current378-routes-20261006-v1-003,sha256:655b1d174cae1d21e8776b4ab4cece9bf9291c3aaee869a3484c3c88e6c2f50b,sha256:e3e67f042263aac99157eb68778a648887862e24eea3c6a85196bcffe5d39c34,"[""externalReverseRequires"", ""pageFingerprint""]",,sha256:8dce6a3854cac8088421968be9f4e4a9db708f8251b7ab19d82b273b366bd24d,6
db66635f-f1d1-5f70-bcc0-fed1ae424e52,Ascorbinsäure nachweisen,changed-current-strict-page,True,3,chemie-q1-current378-routes-20261006-v1-003,sha256:dd79d7fad5836f78a451fdf36973aa80facdd650f52e41251b4bd41aa9c130bf,sha256:2e18bcca71e1055217c18ff82b70fd83ffdcb7f4a551cde7ddbefa6f62c435cf,"[""externalReverseRequires"", ""pageFingerprint""]",sha256:2b3e88c7796df1f26f7dbb2ba70e5701b02d0aa10929fac208700e4fbdc224a6,sha256:7aab7a9edfc334371dcd432c09c1b7a80196475e648127ac631fa8daaf0ee310,7
d76b80a2-5156-54f4-b3a1-546beddf0e14,Einsatz von Sorbinsäure bewerten,old-ten-anchor-outside-changed45,True,3,chemie-q1-current378-routes-20261006-v1-003,sha256:236cc7476c97e52e20e74efcddde07ba22ad3c981abd4e8a1dd709b76cb0ffbd,sha256:449b6b8efd43c0bb6d364bc316f6a52c8e689907ac9f3051ce1fd5ef83edd124,"[""externalReverseRequires"", ""pageFingerprint""]",sha256:00e6420ff17b89c763d043ebe0307ec3d6bda9eb76bb938215231fed05b4cc6d,sha256:b0918737104cc5132b0e3d637e065f8b98983ea7393c2c9b60f374b38fbceb46,8
3d6699ae-ebbd-5a55-8798-b809a9d74f0a,Ascorbinsäure quantitativ bestimmen (LK),old-ten-anchor-outside-changed45,True,3,chemie-q1-current378-routes-20261006-v1-003,sha256:88664ff859f3fac37da6135c2a1f2ad6d338d19bc6b7cde7cf610e597e3fc5e0,sha256:5ef75aee2ebd545df3078ea40519e55e4f1d4813e834dc01b24fa3d5106ee53d,"[""externalReverseRequires"", ""pageFingerprint""]",sha256:ef69ee3c58fcaf07e7a95a83abfec865a62cbbcbb7fb63f0558c095970a6f568,sha256:ddc58044e706a6bc61a330a364f87bf577821cea9b55d9af3a149b03c69dc210,9
18819a59-2442-530f-a7c3-26755398ec66,Vorgegebenen Paraben-Ester quantitativ bestimmen (LK),old-ten-anchor-outside-changed45,True,3,chemie-q1-current378-routes-20261006-v1-003,sha256:9a0e98829f6c210107134b7d0f7958bd12231df3788867dc08244b1aca89f948,sha256:dbdb216beaa6503fd2b72d634202cf312594e290bc4ba8d78e9988328e0a6e58,"[""externalReverseRequires"", ""pageFingerprint""]",sha256:1b07b7a8d72c862e3ba92a7c4284f21c9adcda53c31cbf6d211a673f863347c2,sha256:3b9ee3919a507d3566c1c7a8d3440bc967f678a6179003113eafe8088cd46fac,10
0d59b62e-d3f9-5969-b961-0c5e26316c04,Verwendung von Parabenen beurteilen (LK),old-ten-anchor-outside-changed45,True,3,chemie-q1-current378-routes-20261006-v1-003,sha256:5e059c6255b0b790593b3b8bcb890b9deb3e632dad6994e240871b34aa96fbe0,sha256:39b7714cc67ab8784b37bc2d82600f5b6166e38ec32e13d55df000f9086cca8e,"[""externalReverseRequires"", ""pageFingerprint""]",sha256:e714650c2d90612badb9e50b1101464beff8dd5bbce3787d3f9ecd050ea72b18,sha256:c5ce08659919e687abd3492581b1aca73dce04a73868e7e48303dda822ba9aa9,11
10f657bc-6044-5fbb-ba8e-6e5ba55d2bc5,Redoxbasierte Konservierung,old-ten-anchor-outside-changed45,True,3,chemie-q1-current378-routes-20261006-v1-003,sha256:1481789f38db6021d90864644fe1ceb5228f573ff222a7bb1081fe1222d0530f,sha256:57d4eff3e2017a0374afa393311b53fefabb01bd94840ee9f95488c5903543df,"[""externalReverseRequires"", ""pageFingerprint""]",sha256:cad3cb9c1332e143ae11eeb7905e0646869d72312932c9b9c96aefdd1a62e13e,sha256:0c18ad797c560c2c11fa409edb966eb1737f8a101c73670c7cad125b947ce33e,12
4663fd80-1618-5211-8020-18f4b80979fc,Standard-Reaktionsenthalpien aus Bildungsenthalpien berechnen,changed-current-strict-page,False,3,chemie-q1-current378-routes-20261006-v1-003,sha256:5c2b24c07cb3e61c2fb420fe171fc5f7275cf41d51dd188d0db85c4124ea7686,sha256:5c2b24c07cb3e61c2fb420fe171fc5f7275cf41d51dd188d0db85c4124ea7686,[],,sha256:cf837047699afc4697094cb3957bc13e10a8146f3230eda65e231c68e45b0555,13
