Front;Back;LessonID;TopicTags;Family
hello;hallo;1;1_greetings_politeness;hello
hi;hi;1;1_greetings_politeness;hi
good morning;guten Morgen;1;1_greetings_politeness;good morning
afternoon;Tag;1;1_greetings_politeness;afternoon
evening;Abend;1;1_greetings_politeness;evening
goodbye;auf Wiedersehen;1;1_greetings_politeness;goodbye
bye;tschüss;1;1_greetings_politeness;bye
please;bitte;1;1_greetings_politeness;please
thank you;danke;1;1_greetings_politeness;thank you
thanks;bitte / danke;1;1_greetings_politeness;thanks
sorry;Entschuldigung;1;1_greetings_politeness;sorry
excuse me;Entschuldigung;1;1_greetings_politeness;excuse me
How are you?;Wie geht's?;1;1_greetings_politeness;how are you?
fine;gut;1;1_greetings_politeness;fine
name;Name (Vorname, Nachname);1;2_personal_details;name
first name;Name (Vorname, Nachname);1;2_personal_details;first name
surname;Name (Vorname, Nachname);1;2_personal_details;surname
address;Adresse;1;2_personal_details;address
street;Straße;1;2_personal_details;street
phone number;Telefonnummer;1;2_personal_details;phone number
email;E-Mail;1;2_personal_details;email
Mr;Herr;1;2_personal_details;mr
Mrs;Frau;1;2_personal_details;mrs
Ms;Herr / Frau;1;2_personal_details;ms
country;Land;1;3_countries_origins;country
world;Welt;1;3_countries_origins;world
Germany;Deutschland;1;3_countries_origins;germany
German;Deutsch;1;3_countries_origins;german
UK;UK;1;3_countries_origins;uk
British;britisch;1;3_countries_origins;british
USA;USA;1;3_countries_origins;usa
American;amerikanisch;1;3_countries_origins;american
France;Frankreich;1;3_countries_origins;france
French;französisch;1;3_countries_origins;french
be;sein;1;4_core_verbs_pronouns_grammar;be
am;sein;1;4_core_verbs_pronouns_grammar;am
is;sein;1;4_core_verbs_pronouns_grammar;is
are;sein;1;4_core_verbs_pronouns_grammar;are
speak;sprechen;1;4_core_verbs_pronouns_grammar;speak
say;sagen;1;4_core_verbs_pronouns_grammar;say
come;kommen;1;4_core_verbs_pronouns_grammar;come
come from;kommen;1;4_core_verbs_pronouns_grammar;come from
I, you, he, she, it, we, they;Ich, du, er, sie, es, wir, sie;1;4_core_verbs_pronouns_grammar;i, you, he, she, it, we, they
my, your;mein, dein;1;4_core_verbs_pronouns_grammar;my, your
family;Familie;2;4_core_verbs_pronouns_grammar;family
mother;Mutter;2;4_core_verbs_pronouns_grammar;mother
mom;Mama;2;4_core_verbs_pronouns_grammar;mom
father;Vater;2;4_core_verbs_pronouns_grammar;father
dad;Papa;2;4_core_verbs_pronouns_grammar;dad
brother;Bruder;2;4_core_verbs_pronouns_grammar;brother
sister;Schwester;2;4_core_verbs_pronouns_grammar;sister
friend;Freund;2;4_core_verbs_pronouns_grammar;friend
boy;Junge;2;4_core_verbs_pronouns_grammar;boy
girl;Mädchen;2;4_core_verbs_pronouns_grammar;girl
child;Kind;2;4_core_verbs_pronouns_grammar;child
children;Kind;2;4_core_verbs_pronouns_grammar;child
husband;Ehemann;2;4_core_verbs_pronouns_grammar;husband
wife;Ehefrau;2;4_core_verbs_pronouns_grammar;wife
parents;Eltern;2;4_core_verbs_pronouns_grammar;parents
book;Buch;3;4_core_verbs_pronouns_grammar;book
pen;Stift;3;4_core_verbs_pronouns_grammar;pen
bag;Tasche;3;4_core_verbs_pronouns_grammar;bag
phone;Telefon;3;4_core_verbs_pronouns_grammar;phone
key;Schlüssel;3;4_core_verbs_pronouns_grammar;key
computer;Computer;3;4_core_verbs_pronouns_grammar;computer
table;Tisch;3;4_core_verbs_pronouns_grammar;table
color;Farbe;3;4_core_verbs_pronouns_grammar;color
red, blue, green;rot, blau, grün;3;4_core_verbs_pronouns_grammar;red, blue, green
black, white;schwarz, weiß;3;4_core_verbs_pronouns_grammar;black, white
good;gut;4;4_core_verbs_pronouns_grammar;good
bad;schlecht;4;4_core_verbs_pronouns_grammar;bad
big;groß;4;4_core_verbs_pronouns_grammar;big
small;klein;4;4_core_verbs_pronouns_grammar;small
happy;glücklich;4;4_core_verbs_pronouns_grammar;happy
sad;traurig;4;4_core_verbs_pronouns_grammar;sad
new;neu;4;4_core_verbs_pronouns_grammar;new
old;alt;4;4_core_verbs_pronouns_grammar;old
hot;heiß;4;4_core_verbs_pronouns_grammar;hot
cold;kalt;4;4_core_verbs_pronouns_grammar;cold
nice;nett;4;4_core_verbs_pronouns_grammar;nice
beautiful;schön;4;4_core_verbs_pronouns_grammar;beautiful
different;anders;4;4_core_verbs_pronouns_grammar;different
very;sehr;4;4_core_verbs_pronouns_grammar;very
body;Körper;5;4_core_verbs_pronouns_grammar;body
head;Kopf;5;4_core_verbs_pronouns_grammar;head
hair;Haar(e);5;4_core_verbs_pronouns_grammar;hair
eye;Auge;5;4_core_verbs_pronouns_grammar;eye
hand;Hand;5;4_core_verbs_pronouns_grammar;hand
leg;Bein;5;4_core_verbs_pronouns_grammar;leg
foot;Fuß;5;4_core_verbs_pronouns_grammar;foot
feet;Fuß;5;4_core_verbs_pronouns_grammar;foot
tall;groß;5;4_core_verbs_pronouns_grammar;tall
short;klein (Personen);5;4_core_verbs_pronouns_grammar;short
have;haben;5;4_core_verbs_pronouns_grammar;have
got;haben;5;4_core_verbs_pronouns_grammar;got
house;Haus;6;4_core_verbs_pronouns_grammar;house
flat;Wohnung;6;4_core_verbs_pronouns_grammar;flat
room;Zimmer;6;4_core_verbs_pronouns_grammar;room
kitchen;Küche;6;4_core_verbs_pronouns_grammar;kitchen
bathroom;Badezimmer;6;4_core_verbs_pronouns_grammar;bathroom
bedroom;Schlafzimmer;6;4_core_verbs_pronouns_grammar;bedroom
living room;Wohnzimmer;6;4_core_verbs_pronouns_grammar;living room
door;Tür;6;4_core_verbs_pronouns_grammar;door
window;Fenster;6;4_core_verbs_pronouns_grammar;window
bed;Bett;6;4_core_verbs_pronouns_grammar;bed
chair;Stuhl;6;4_core_verbs_pronouns_grammar;chair
Hello / Hi;Hallo;1;greetings;hello / hi
Goodbye / Bye;Auf Wiedersehen / Tschüss;1;greetings;goodbye / bye
What is your name?;Wie heißt du / Wie heißen Sie?;1;intro;what is your name?
My name is...;Mein Name ist...;1;intro;my name is...
I am;Ich bin;1;grammar;i am
You are;Du bist / Sie sind;1;grammar;you are
Austria;Österreich;1;countries;austria
Switzerland;Schweiz;1;countries;switzerland
Mother / Mom;Mutter / Mama;2;family;mother / mom
Father / Dad;Vater / Papa;2;family;father / dad
Friend;Freund / Freundin;2;family;friend
He is;Er ist;2;grammar;he is
She is;Sie ist;2;grammar;she is
My;Mein/e;2;grammar;my
Your;Dein/e / Ihr/e;2;grammar;your
Who is that?;Wer ist das?;2;questions;who is that?
Pen;Stift / Kuli;3;objects;pen
Phone;Telefon / Handy;3;objects;phone
Chair;Stuhl;3;objects;chair
Red;Rot;3;colors;red
Blue;Blau;3;colors;blue
Green;Grün;3;colors;green
Black;Schwarz;3;colors;black
White;Weiß;3;colors;white
This is a...;Das hier ist ein/e...;3;grammar;this is a...
That is a...;Das dort ist ein/e...;3;grammar;that is a...
I have got;Ich habe;5;grammar;i have got
He has got;Er hat;5;grammar;he has got
Car;Auto;5;possessions;car
Bike;Fahrrad;5;possessions;bike
Hair;Haare;5;body;hair
Eyes;Augen;5;body;eyes
Dog;Hund;5;pets;dog
Cat;Katze;5;pets;cat
Apartment / Flat;Wohnung;6;home;apartment / flat
There is...;Es gibt... (Einzahl);6;grammar;there is...
There are...;Es gibt... (Mehrzahl);6;grammar;there are...
In;In;6;prepositions;in
On;Auf;6;prepositions;on
Under;Unter;6;prepositions;under
Wake up;Aufwachen;7;routine;wake up
Get up;Aufstehen;7;routine;get up
Eat breakfast;Frühstücken;7;routine;eat breakfast
Go to work;Zur Arbeit gehen;7;routine;go to work
One, Two, Three;Eins, Zwei, Drei;7;numbers;one, two, three
Ten, Twenty, Thirty;Zehn, Zwanzig, Dreißig;7;numbers;ten, twenty, thirty
What time is it?;Wie spät ist es?;7;time;what time is it?
It is 5 o'clock;Es ist 5 Uhr;7;time;it is 5 o'clock
I work;Ich arbeite;7;grammar;i work
I don't work;Ich arbeite nicht;7;grammar;i don't work
Teacher;Lehrer / Lehrerin;8;jobs;teacher
Doctor;Arzt / Ärztin;8;jobs;doctor
Student;Schüler / Student;8;jobs;student
Waiter;Kellner;8;jobs;waiter
He works;Er arbeitet;8;grammar;he works
She plays;Sie spielt;8;grammar;she plays
He doesn't work;Er arbeitet nicht;8;grammar;he doesn't work
Read;Lesen;8;activities;read
Write;Schreiben;8;activities;write
Speak;Sprechen;8;activities;speak
Monday;Montag;9;days;monday
Friday;Freitag;9;days;friday
Saturday;Samstag;9;days;saturday
Sunday;Sonntag;9;days;sunday
Always;Immer;9;grammar;always
Usually;Normalerweise;9;grammar;usually
Never;Niemals;9;grammar;never
Do you play?;Spielst du?;9;grammar;do you play?
Does he play?;Spielt er?;9;grammar;does he play?
Football / Soccer;Fußball;9;hobbies;football / soccer
Water;Wasser;10;food;water
Bread;Brot;10;food;bread
Apple;Apfel;10;food;apple
Cheese;Käse;10;food;cheese
Coffee;Kaffee;10;food;coffee
How much?;Wie viel? (Unzählbar);10;grammar;how much?
How many?;Wie viele? (Zählbar);10;grammar;how many?
I would like...;Ich hätte gerne...;10;phrases;i would like...
Price;Preis;10;shopping;price
Expensive;Teuer;10;shopping;expensive
City;Stadt;11;places;city
Street;Straße;11;places;street
Supermarket;Supermarkt;11;places;supermarket
Station;Bahnhof;11;places;station
Where is...?;Wo ist...?;11;phrases;where is...?
Go straight;Geh geradeaus;11;directions;go straight
Turn left;Bieg links ab;11;directions;turn left
Turn right;Bieg rechts ab;11;directions;turn right
Stop;Stopp / Halt an;11;grammar;stop
Excuse me;Entschuldigung (Sie mich);11;phrases;excuse me
And;Und;12;conjunctions;and
But;Aber;12;conjunctions;but
Why?;Warum?;12;questions;why?
Because;Weil;12;conjunctions;because
Very;Sehr;12;adverbs;very
A lot;Viel(e);12;quantifiers;a lot
Can you help me?;Kannst du / Können Sie mir helfen?;12;phrases;can you help me?
I don't understand;Ich verstehe nicht;12;phrases;i don't understand
Please;Bitte;12;phrases;please
Thank you;Danke;12;phrases;thank you
of;von/des;7;auto_frequency,source_oxford,auto_translation;of
to;Zu / Nach;8;auto_frequency,source_oxford,auto_translation;to
a;a;9;auto_frequency,source_oxford,auto_no_translation;a
for;Seit / Für (Zeitdauer);10;auto_frequency,source_oxford,auto_translation;for
that;Der/Die/Das (Alles);11;auto_frequency,source_oxford,auto_translation;that
by;von/durch;12;auto_frequency,source_oxford,auto_translation;by
this;dieses;7;auto_frequency,source_oxford,auto_translation;this
with;mit;8;auto_frequency,source_oxford,auto_translation;with
I;ich;9;auto_frequency,source_oxford,auto_translation;i
you;du/Sie;10;auto_frequency,source_oxford,auto_translation;you
it;es;11;auto_frequency,source_oxford,auto_translation;it
not;not;12;auto_frequency,source_oxford,auto_no_translation;not
or;oder;7;auto_frequency,source_oxford,auto_translation;or
from;Von / Aus;8;auto_frequency,source_oxford,auto_translation;from
at;bei/um;9;auto_frequency,source_oxford,auto_translation;at
as;as;10;auto_frequency,source_oxford,auto_no_translation;as
all;alle;11;auto_frequency,source_oxford,auto_translation;all
more;more;12;auto_frequency,source_oxford,auto_no_translation;more
an;an;7;auto_frequency,source_oxford,auto_no_translation;an
we;wir;8;auto_frequency,source_oxford,auto_translation;we
will;Werden (Vorhersage/Spontan);9;auto_frequency,source_oxford,auto_translation;will
home;Zuhause;10;auto_frequency,source_oxford,auto_translation;home
can;Können;11;auto_frequency,source_oxford,auto_translation;can
us;Uns;12;auto_frequency,source_oxford,auto_translation;us
about;über;4;auto_frequency,source_oxford,auto_translation;about
if;Wenn / Falls;7;auto_frequency,source_oxford,auto_translation;if
page;Seite;8;auto_frequency,source_oxford,auto_translation;page
free;frei/kostenlos;9;auto_frequency,source_oxford,auto_translation;free
our;unser;10;auto_frequency,source_oxford,auto_translation;our
one;one;11;auto_frequency,source_oxford,auto_no_translation;one
other;other;12;auto_frequency,source_oxford,auto_no_translation;other
do;tun/machen;4;auto_frequency,source_oxford,auto_translation;do
no;no;7;auto_frequency,source_oxford,auto_no_translation;no
information;information;8;auto_frequency,source_oxford,auto_no_translation;information
time;Zeit;9;auto_frequency,source_oxford,auto_translation;time
they;sie;10;auto_frequency,source_oxford,auto_translation;they
he;er;11;auto_frequency,source_oxford,auto_translation;he
up;up;12;auto_frequency,source_oxford,auto_no_translation;up
May;Könnte / Darf;4;auto_frequency,source_oxford,auto_translation;may
what;Was;7;auto_frequency,source_oxford,auto_translation;what
which;Der/Die/Das (Dinge);8;auto_frequency,source_oxford,auto_translation;which
their;ihr;9;auto_frequency,source_oxford,auto_translation;their
news;Nachrichten;10;auto_frequency,source_oxford,auto_translation;news
out;out;11;auto_frequency,source_oxford,auto_no_translation;out
use;benutzen;12;auto_frequency,source_oxford,auto_translation;use
any;Irgendwelche / Keinerlei;4;auto_frequency,source_oxford,auto_translation;any
there;dort/da;6;auto_frequency,source_oxford,auto_translation;there
see;sehen;7;auto_frequency,source_oxford,auto_translation;see
only;nur;8;auto_frequency,source_oxford,auto_translation;only
so;so;9;auto_frequency,source_oxford,auto_no_translation;so
his;sein;10;auto_frequency,source_oxford,auto_translation;his
when;Als (Zeitpunkt);11;auto_frequency,source_oxford,auto_translation;when
here;hier;12;auto_frequency,source_oxford,auto_translation;here
business;business;4;auto_frequency,source_oxford,auto_no_translation;business
who;Der/Die/Das (Personen);6;auto_frequency,source_oxford,auto_translation;who
also;auch;7;auto_frequency,source_oxford,auto_translation;also
now;Jetzt;8;auto_frequency,source_oxford,auto_translation;now
help;helfen;9;auto_frequency,source_oxford,auto_translation;help
get;bekommen/werden;10;auto_frequency,source_oxford,auto_translation;get
online;online;11;auto_frequency,source_oxford,auto_no_translation;online
first;Zuerst;12;auto_frequency,source_oxford,auto_translation;first
would;would;4;auto_frequency,source_oxford,auto_no_translation;would
how;Wie;6;auto_frequency,source_oxford,auto_translation;how
me;mir/mich;7;auto_frequency,source_oxford,auto_translation;me
some;Etwas / Ein paar;8;auto_frequency,source_oxford,auto_translation;some
its;its;9;auto_frequency,source_oxford,auto_no_translation;its
like;mögen;10;auto_frequency,source_oxford,auto_translation;like
than;Als (im Vergleich);11;auto_frequency,source_oxford,auto_translation;than
find;finden;12;auto_frequency,source_oxford,auto_translation;find
date;date;3;auto_frequency,source_oxford,auto_no_translation;date
back;back;4;auto_frequency,source_oxford,auto_no_translation;back
people;Leute/Menschen;5;auto_frequency,source_oxford,auto_translation;people
list;list;6;auto_frequency,source_oxford,auto_no_translation;list
just;Gerade eben;7;auto_frequency,source_oxford,auto_translation;just
over;over;8;auto_frequency,source_oxford,auto_no_translation;over
year;Jahr;9;auto_frequency,source_oxford,auto_translation;year
day;Tag;10;auto_frequency,source_oxford,auto_translation;day
into;Hinein;11;auto_frequency,source_oxford,auto_translation;into
two;two;12;auto_frequency,source_oxford,auto_no_translation;two
health;health;3;auto_frequency,source_oxford,auto_no_translation;health
next;next;4;auto_frequency,source_oxford,auto_no_translation;next
go;gehen;5;auto_frequency,source_oxford,auto_translation;go
work;arbeiten;6;auto_frequency,source_oxford,auto_translation;work
last;letzte;7;auto_frequency,source_oxford,auto_translation;last
most;most;8;auto_frequency,source_oxford,auto_no_translation;most
music;Musik;9;auto_frequency,source_oxford,auto_translation;music
buy;kaufen;10;auto_frequency,source_oxford,auto_translation;buy
make;machen/herstellen;11;auto_frequency,source_oxford,auto_translation;make
them;Sie / Ihnen (Plural);12;auto_frequency,source_oxford,auto_translation;them
should;Sollte (Rat);3;auto_frequency,source_oxford,auto_translation;should
product;product;4;auto_frequency,source_oxford,auto_no_translation;product
post;post;5;auto_frequency,source_oxford,auto_no_translation;post
her;Sie / Ihr;6;auto_frequency,source_oxford,auto_translation;her
add;hinzufügen;7;auto_frequency,source_oxford,auto_translation;add
message;Nachricht / Botschaft;8;auto_frequency,source_oxford,auto_translation;message
after;after;9;auto_frequency,source_oxford,auto_no_translation;after
best;best;10;auto_frequency,source_oxford,auto_no_translation;best
then;Dann;11;auto_frequency,source_oxford,auto_translation;then
video;video;12;auto_frequency,source_oxford,auto_no_translation;video
well;Gut (Adverb);2;auto_frequency,source_oxford,auto_translation;well
where;Wo (Ort);3;auto_frequency,source_oxford,auto_translation;where
high;Hoch;4;auto_frequency,source_oxford,auto_translation;high
school;Schule;5;auto_frequency,source_oxford,auto_translation;school
through;through;6;auto_frequency,source_oxford,auto_no_translation;through
each;each;7;auto_frequency,source_oxford,auto_no_translation;each
she;sie;8;auto_frequency,source_oxford,auto_translation;she
order;Bestellen;9;auto_frequency,source_oxford,auto_translation;order
company;company;10;auto_frequency,source_oxford,auto_no_translation;company
group;group;11;auto_frequency,source_oxford,auto_no_translation;group
need;brauchen;12;auto_frequency,source_oxford,auto_translation;need
many;many;2;auto_frequency,source_oxford,auto_no_translation;many
university;Universität;3;auto_frequency,source_oxford,auto_translation;university
January;January;4;auto_frequency,source_oxford,auto_no_translation;january
full;voll;5;auto_frequency,source_oxford,auto_translation;full
map;map;6;auto_frequency,source_oxford,auto_no_translation;map
life;life;7;auto_frequency,source_oxford,auto_no_translation;life
know;Kennen / Wissen;8;auto_frequency,source_oxford,auto_translation;know
way;way;9;auto_frequency,source_oxford,auto_no_translation;way
part;part;10;auto_frequency,source_oxford,auto_no_translation;part
could;Könnte;11;auto_frequency,source_oxford,auto_translation;could
great;great;12;auto_frequency,source_oxford,auto_no_translation;great
hotel;hotel;2;auto_frequency,source_oxford,auto_no_translation;hotel
real;echt;3;auto_frequency,source_oxford,auto_translation;real
must;Müssen (persönlich);4;auto_frequency,source_oxford,auto_translation;must
travel;Reisen;5;auto_frequency,source_oxford,auto_translation;travel
report;report;6;auto_frequency,source_oxford,auto_no_translation;report
off;off;7;auto_frequency,source_oxford,auto_no_translation;off
member;member;8;auto_frequency,source_oxford,auto_no_translation;member
line;Linie;9;auto_frequency,source_oxford,auto_translation;line
before;before;10;auto_frequency,source_oxford,auto_no_translation;before
send;Senden / Schicken;11;auto_frequency,source_oxford,auto_translation;send
right;richtig/rechts;12;auto_frequency,source_oxford,auto_translation;right
type;type;2;auto_frequency,source_oxford,auto_no_translation;type
local;local;3;auto_frequency,source_oxford,auto_no_translation;local
office;Büro;4;auto_frequency,source_oxford,auto_translation;office
design;design;5;auto_frequency,source_oxford,auto_no_translation;design
take;nehmen;6;auto_frequency,source_oxford,auto_translation;take
internet;internet;7;auto_frequency,source_oxford,auto_no_translation;internet
area;area;8;auto_frequency,source_oxford,auto_no_translation;area
want;wollen;9;auto_frequency,source_oxford,auto_translation;want
DVD;DVD;10;auto_frequency,source_oxford,auto_no_translation;dvd
subject;subject;11;auto_frequency,source_oxford,auto_no_translation;subject
between;between;12;auto_frequency,source_oxford,auto_no_translation;between
long;Lang;2;auto_frequency,source_oxford,auto_translation;long
show;zeigen;3;auto_frequency,source_oxford,auto_translation;show
check;check;4;auto_frequency,source_oxford,auto_no_translation;check
special;special;5;auto_frequency,source_oxford,auto_no_translation;special
website;website;6;auto_frequency,source_oxford,auto_no_translation;website
much;much;7;auto_frequency,source_oxford,auto_no_translation;much
open;öffnen;8;auto_frequency,source_oxford,auto_translation;open
today;Heute;9;auto_frequency,source_oxford,auto_translation;today
south;south;10;auto_frequency,source_oxford,auto_no_translation;south
project;project;11;auto_frequency,source_oxford,auto_no_translation;project
same;gleich;12;auto_frequency,source_oxford,auto_translation;same
section;section;2;auto_frequency,source_oxford,auto_no_translation;section
own;own;3;auto_frequency,source_oxford,auto_no_translation;own
both;both;4;auto_frequency,source_oxford,auto_no_translation;both
photo;photo;5;auto_frequency,source_oxford,auto_no_translation;photo
game;game;6;auto_frequency,source_oxford,auto_no_translation;game
down;down;7;auto_frequency,source_oxford,auto_no_translation;down
three;three;8;auto_frequency,source_oxford,auto_no_translation;three
place;Ort;9;auto_frequency,source_oxford,auto_translation;place
end;Ende;10;auto_frequency,source_oxford,auto_translation;end
him;Ihn / Ihm;11;auto_frequency,source_oxford,auto_translation;him
without;without;12;auto_frequency,source_oxford,auto_no_translation;without
think;Denken / Glauben;2;auto_frequency,source_oxford,auto_translation;think
north;north;3;auto_frequency,source_oxford,auto_no_translation;north
history;history;4;auto_frequency,source_oxford,auto_no_translation;history
art;art;5;auto_frequency,source_oxford,auto_no_translation;art
personal;personal;6;auto_frequency,source_oxford,auto_no_translation;personal
shop;shop;7;auto_frequency,source_oxford,auto_no_translation;shop
change;Veränderung / Ändern;8;auto_frequency,source_oxford,auto_translation;change
text;text;9;auto_frequency,source_oxford,auto_no_translation;text
during;during;10;auto_frequency,source_oxford,auto_no_translation;during
return;return;11;auto_frequency,source_oxford,auto_no_translation;return
shopping;shopping;12;auto_frequency,source_oxford,auto_no_translation;shopping
form;form;2;auto_frequency,source_oxford,auto_no_translation;form
love;lieben;3;auto_frequency,source_oxford,auto_translation;love
main;main;4;auto_frequency,source_oxford,auto_no_translation;main
call;anrufen/nennen;5;auto_frequency,source_oxford,auto_translation;call
title;title;6;auto_frequency,source_oxford,auto_no_translation;title
description;description;7;auto_frequency,source_oxford,auto_no_translation;description
another;another;8;auto_frequency,source_oxford,auto_no_translation;another
why;Warum;9;auto_frequency,source_oxford,auto_translation;why
class;class;10;auto_frequency,source_oxford,auto_no_translation;class
CD;CD;11;auto_frequency,source_oxford,auto_no_translation;cd
still;still;12;auto_frequency,source_oxford,auto_no_translation;still
money;Geld;2;auto_frequency,source_oxford,auto_translation;money
every;every;3;auto_frequency,source_oxford,auto_no_translation;every
little;little;4;auto_frequency,source_oxford,auto_no_translation;little
visit;Besuchen;5;auto_frequency,source_oxford,auto_translation;visit
customer;customer;6;auto_frequency,source_oxford,auto_no_translation;customer
December;December;7;auto_frequency,source_oxford,auto_no_translation;december
compare;compare;8;auto_frequency,source_oxford,auto_no_translation;compare
include;beinhalten;9;auto_frequency,source_oxford,auto_translation;include
college;college;10;auto_frequency,source_oxford,auto_no_translation;college
article;Artikel;11;auto_frequency,source_oxford,auto_translation;article
man;Mann;12;auto_frequency,source_oxford,auto_translation;man
card;Karte;2;auto_frequency,source_oxford,auto_translation;card
food;Essen;3;auto_frequency,source_oxford,auto_translation;food
learn;lernen;4;auto_frequency,source_oxford,auto_translation;learn
around;around;5;auto_frequency,source_oxford,auto_no_translation;around
course;course;6;auto_frequency,source_oxford,auto_no_translation;course
job;Job / Beruf;7;auto_frequency,source_oxford,auto_translation;job
too;zu/auch;8;auto_frequency,source_oxford,auto_translation;too
point;Punkt;9;auto_frequency,source_oxford,auto_translation;point
join;Beitreten / Mitmachen;10;auto_frequency,source_oxford,auto_translation;join
science;Wissenschaft;11;auto_frequency,source_oxford,auto_translation;science
west;west;12;auto_frequency,source_oxford,auto_no_translation;west
look;schauen;2;auto_frequency,source_oxford,auto_translation;look
left;links;3;auto_frequency,source_oxford,auto_translation;left
team;Mannschaft / Team;4;auto_frequency,source_oxford,auto_translation;team
box;Schachtel / Box;5;auto_frequency,source_oxford,auto_translation;box
week;Woche;6;auto_frequency,source_oxford,auto_translation;week
note;note;7;auto_frequency,source_oxford,auto_no_translation;note
live;leben;8;auto_frequency,source_oxford,auto_translation;live
large;large;9;auto_frequency,source_oxford,auto_no_translation;large
however;Jedoch;10;auto_frequency,source_oxford,auto_translation;however
June;June;11;auto_frequency,source_oxford,auto_no_translation;june
October;October;12;auto_frequency,source_oxford,auto_no_translation;october
November;November;2;auto_frequency,source_oxford,auto_no_translation;november
market;Markt;3;auto_frequency,source_oxford,auto_translation;market
library;library;4;auto_frequency,source_oxford,auto_no_translation;library
really;wirklich;5;auto_frequency,source_oxford,auto_translation;really
action;action;6;auto_frequency,source_oxford,auto_no_translation;action
start;anfangen;7;auto_frequency,source_oxford,auto_translation;start
model;model;8;auto_frequency,source_oxford,auto_no_translation;model
air;Luft;9;auto_frequency,source_oxford,auto_translation;air
plan;Plan / Planen;10;auto_frequency,source_oxford,auto_translation;plan
TV;TV;11;auto_frequency,source_oxford,auto_no_translation;tv
yes;yes;12;auto_frequency,source_oxford,auto_no_translation;yes
second;zweite;2;auto_frequency,source_oxford,auto_translation;second
cost;cost;3;auto_frequency,source_oxford,auto_no_translation;cost
movie;movie;4;auto_frequency,source_oxford,auto_no_translation;movie
March;March;5;auto_frequency,source_oxford,auto_no_translation;march
September;September;6;auto_frequency,source_oxford,auto_no_translation;september
better;Besser;7;auto_frequency,source_oxford,auto_translation;better
July;July;8;auto_frequency,source_oxford,auto_no_translation;july
test;test;9;auto_frequency,source_oxford,auto_no_translation;test
study;study;10;auto_frequency,source_oxford,auto_no_translation;study
again;wieder;11;auto_frequency,source_oxford,auto_translation;again
play;spielen;12;auto_frequency,source_oxford,auto_translation;play
April;April;2;auto_frequency,source_oxford,auto_no_translation;april
complete;complete;3;auto_frequency,source_oxford,auto_no_translation;complete
topic;Thema;4;auto_frequency,source_oxford,auto_translation;topic
person;person;5;auto_frequency,source_oxford,auto_no_translation;person
below;below;6;auto_frequency,source_oxford,auto_no_translation;below
blog;blog;7;auto_frequency,source_oxford,auto_no_translation;blog
party;party;8;auto_frequency,source_oxford,auto_no_translation;party
let;lassen;9;auto_frequency,source_oxford,auto_translation;let
above;above;10;auto_frequency,source_oxford,auto_no_translation;above
park;park;11;auto_frequency,source_oxford,auto_no_translation;park
problem;problem;12;auto_frequency,source_oxford,auto_no_translation;problem
give;Geben;2;auto_frequency,source_oxford,auto_translation;give
August;August;3;auto_frequency,source_oxford,auto_no_translation;august
language;language;4;auto_frequency,source_oxford,auto_no_translation;language
story;Geschichte;5;auto_frequency,source_oxford,auto_translation;story
sell;verkaufen;6;auto_frequency,source_oxford,auto_translation;sell
create;create;7;auto_frequency,source_oxford,auto_no_translation;create
young;jung;8;auto_frequency,source_oxford,auto_translation;young
important;Wichtig;9;auto_frequency,source_oxford,auto_translation;important
few;wenige;10;auto_frequency,source_oxford,auto_translation;few
east;east;11;auto_frequency,source_oxford,auto_no_translation;east
paper;Papier;12;auto_frequency,source_oxford,auto_translation;paper
age;age;2;auto_frequency,source_oxford,auto_no_translation;age
club;club;3;auto_frequency,source_oxford,auto_no_translation;club
example;example;4;auto_frequency,source_oxford,auto_no_translation;example
something;something;5;auto_frequency,source_oxford,auto_no_translation;something
road;Landstraße;6;auto_frequency,source_oxford,auto_translation;road
question;Frage;7;auto_frequency,source_oxford,auto_translation;question
night;Nacht;8;auto_frequency,source_oxford,auto_translation;night
hard;hart/schwer;9;auto_frequency,source_oxford,auto_translation;hard
pay;bezahlen;10;auto_frequency,source_oxford,auto_translation;pay
four;four;11;auto_frequency,source_oxford,auto_no_translation;four
building;building;12;auto_frequency,source_oxford,auto_no_translation;building
February;February;2;auto_frequency,source_oxford,auto_no_translation;february
result;Ergebnis;3;auto_frequency,source_oxford,auto_translation;result
light;Licht;4;auto_frequency,source_oxford,auto_translation;light
easy;einfach/leicht;5;auto_frequency,source_oxford,auto_translation;easy
event;event;6;auto_frequency,source_oxford,auto_no_translation;event
picture;picture;7;auto_frequency,source_oxford,auto_no_translation;picture
possible;Möglich;8;auto_frequency,source_oxford,auto_translation;possible
month;Monat;9;auto_frequency,source_oxford,auto_translation;month
star;Stern;10;auto_frequency,source_oxford,auto_translation;star
future;future;11;auto_frequency,source_oxford,auto_no_translation;future
space;space;12;auto_frequency,source_oxford,auto_no_translation;space
sun;Sonne;2;auto_frequency,source_oxford,auto_translation;sun
meeting;meeting;3;auto_frequency,source_oxford,auto_no_translation;meeting
become;become;4;auto_frequency,source_oxford,auto_no_translation;become
interest;interest;5;auto_frequency,source_oxford,auto_no_translation;interest
keep;behalten;6;auto_frequency,source_oxford,auto_translation;keep
share;share;7;auto_frequency,source_oxford,auto_no_translation;share
similar;similar;8;auto_frequency,source_oxford,auto_no_translation;similar
garden;garden;9;auto_frequency,source_oxford,auto_no_translation;garden
million;million;10;auto_frequency,source_oxford,auto_no_translation;million
baby;baby;11;auto_frequency,source_oxford,auto_no_translation;baby
run;rennen;12;auto_frequency,source_oxford,auto_translation;run
popular;popular;2;auto_frequency,source_oxford,auto_no_translation;popular
film;film;3;auto_frequency,source_oxford,auto_no_translation;film
put;legen/stellen;4;auto_frequency,source_oxford,auto_translation;put
try;versuchen;5;auto_frequency,source_oxford,auto_translation;try
welcome;welcome;6;auto_frequency,source_oxford,auto_no_translation;welcome
radio;radio;7;auto_frequency,source_oxford,auto_no_translation;radio
until;until;8;auto_frequency,source_oxford,auto_no_translation;until
away;away;9;auto_frequency,source_oxford,auto_no_translation;away
once;once;10;auto_frequency,source_oxford,auto_no_translation;once
sure;sicher;11;auto_frequency,source_oxford,auto_translation;sure
tell;erzählen;12;auto_frequency,source_oxford,auto_translation;tell
fun;Spaß;2;auto_frequency,source_oxford,auto_translation;fun
close;schließen;3;auto_frequency,source_oxford,auto_translation;close
common;common;4;auto_frequency,source_oxford,auto_no_translation;common
drive;Fahren (Auto);5;auto_frequency,source_oxford,auto_translation;drive
lot;lot;6;auto_frequency,source_oxford,auto_no_translation;lot
ask;fragen;7;auto_frequency,source_oxford,auto_translation;ask
beach;Strand;8;auto_frequency,source_oxford,auto_translation;beach
past;past;9;auto_frequency,source_oxford,auto_no_translation;past
natural;natural;10;auto_frequency,source_oxford,auto_no_translation;natural
five;five;11;auto_frequency,source_oxford,auto_no_translation;five
period;period;12;auto_frequency,source_oxford,auto_no_translation;period
weather;Wetter;2;auto_frequency,source_oxford,auto_translation;weather
land;land;3;auto_frequency,source_oxford,auto_no_translation;land
island;island;4;auto_frequency,source_oxford,auto_no_translation;island
style;style;5;auto_frequency,source_oxford,auto_no_translation;style
front;front;6;auto_frequency,source_oxford,auto_no_translation;front
statement;statement;7;auto_frequency,source_oxford,auto_no_translation;statement
ever;Jemals;8;auto_frequency,source_oxford,auto_translation;ever
early;früh;9;auto_frequency,source_oxford,auto_translation;early
sound;Ton;10;auto_frequency,source_oxford,auto_translation;sound
present;present;11;auto_frequency,source_oxford,auto_no_translation;present
ago;ago;12;auto_frequency,source_oxford,auto_no_translation;ago
word;word;2;auto_frequency,source_oxford,auto_no_translation;word
bill;Rechnung;3;auto_frequency,source_oxford,auto_translation;bill
talk;talk;4;auto_frequency,source_oxford,auto_no_translation;talk
final;final;5;auto_frequency,source_oxford,auto_no_translation;final
adult;adult;6;auto_frequency,source_oxford,auto_no_translation;adult
thing;Ding/Sache;7;auto_frequency,source_oxford,auto_translation;thing
centre;centre;8;auto_frequency,source_oxford,auto_no_translation;centre
cheap;Billig;9;auto_frequency,source_oxford,auto_translation;cheap
true;Wahr;10;auto_frequency,source_oxford,auto_translation;true
else;else;11;auto_frequency,source_oxford,auto_no_translation;else
third;third;12;auto_frequency,source_oxford,auto_no_translation;third
reading;reading;2;auto_frequency,source_oxford,auto_no_translation;reading
together;zusammen;3;auto_frequency,source_oxford,auto_translation;together
fast;schnell;4;auto_frequency,source_oxford,auto_translation;fast
fact;Fakt / Tatsache;5;auto_frequency,source_oxford,auto_translation;fact
meet;treffen;6;auto_frequency,source_oxford,auto_translation;meet
far;far;7;auto_frequency,source_oxford,auto_no_translation;far
player;player;8;auto_frequency,source_oxford,auto_no_translation;player
often;oft;9;auto_frequency,source_oxford,auto_translation;often
watch;Uhr;10;auto_frequency,source_oxford,auto_translation;watch
feel;fühlen;11;auto_frequency,source_oxford,auto_translation;feel
bank;bank;12;auto_frequency,source_oxford,auto_no_translation;bank
everything;everything;2;auto_frequency,source_oxford,auto_no_translation;everything
town;Kleinstadt;3;auto_frequency,source_oxford,auto_translation;town
choose;choose;4;auto_frequency,source_oxford,auto_no_translation;choose
magazine;magazine;5;auto_frequency,source_oxford,auto_no_translation;magazine
camera;camera;6;auto_frequency,source_oxford,auto_no_translation;camera
half;half;7;auto_frequency,source_oxford,auto_no_translation;half
quick;quick;8;auto_frequency,source_oxford,auto_no_translation;quick
later;later;9;auto_frequency,source_oxford,auto_no_translation;later
practice;practice;10;auto_frequency,source_oxford,auto_no_translation;practice
fire;Feuer;11;auto_frequency,source_oxford,auto_translation;fire
holiday;Urlaub;12;auto_frequency,source_oxford,auto_translation;holiday
enough;genug;2;auto_frequency,source_oxford,auto_translation;enough
writing;writing;3;auto_frequency,source_oxford,auto_no_translation;writing
face;Gesicht;4;auto_frequency,source_oxford,auto_translation;face
remember;erinnern;5;auto_frequency,source_oxford,auto_translation;remember
yellow;yellow;6;auto_frequency,source_oxford,auto_no_translation;yellow
near;near;7;auto_frequency,source_oxford,auto_no_translation;near
oh;oh;8;auto_frequency,source_oxford,auto_no_translation;oh
stay;Bleiben / Übernachten;9;auto_frequency,source_oxford,auto_translation;stay
turn;turn;10;auto_frequency,source_oxford,auto_no_translation;turn
mean;mean;11;auto_frequency,source_oxford,auto_no_translation;mean
activity;activity;12;auto_frequency,source_oxford,auto_no_translation;activity
river;Fluss;2;auto_frequency,source_oxford,auto_translation;river
build;build;3;auto_frequency,source_oxford,auto_no_translation;build
soon;bald;4;auto_frequency,source_oxford,auto_translation;soon
across;across;5;auto_frequency,source_oxford,auto_no_translation;across
someone;someone;6;auto_frequency,source_oxford,auto_no_translation;someone
anything;anything;7;auto_frequency,source_oxford,auto_no_translation;anything
believe;glauben;8;auto_frequency,source_oxford,auto_translation;believe
menu;Speisekarte;9;auto_frequency,source_oxford,auto_translation;menu
anyone;anyone;10;auto_frequency,source_oxford,auto_no_translation;anyone
hope;Hoffen;11;auto_frequency,source_oxford,auto_translation;hope
nothing;nothing;12;auto_frequency,source_oxford,auto_no_translation;nothing
hour;Stunde;2;auto_frequency,source_oxford,auto_translation;hour
six;six;3;auto_frequency,source_oxford,auto_no_translation;six
advice;Rat / Ratschlag;4;auto_frequency,source_oxford,auto_translation;advice
career;Karriere;5;auto_frequency,source_oxford,auto_translation;career
leave;verlassen/abfahren;6;auto_frequency,source_oxford,auto_translation;leave
woman;Frau;7;auto_frequency,source_oxford,auto_translation;woman
kind;kind;8;auto_frequency,source_oxford,auto_no_translation;kind
move;bewegen/umziehen;9;auto_frequency,source_oxford,auto_translation;move
Tuesday;Tuesday;10;auto_frequency,source_oxford,auto_no_translation;tuesday
object;object;11;auto_frequency,source_oxford,auto_no_translation;object
machine;Maschine;12;auto_frequency,source_oxford,auto_translation;machine
OK;OK;2;auto_frequency,source_oxford,auto_no_translation;ok
capital;capital;3;auto_frequency,source_oxford,auto_no_translation;capital
follow;follow;4;auto_frequency,source_oxford,auto_no_translation;follow
culture;culture;5;auto_frequency,source_oxford,auto_no_translation;culture
band;band;6;auto_frequency,source_oxford,auto_no_translation;band
Thursday;Thursday;7;auto_frequency,source_oxford,auto_no_translation;thursday
airport;Flughafen;8;auto_frequency,source_oxford,auto_translation;airport
artist;artist;9;auto_frequency,source_oxford,auto_no_translation;artist
outside;outside;10;auto_frequency,source_oxford,auto_no_translation;outside
letter;letter;11;auto_frequency,source_oxford,auto_no_translation;letter
Wednesday;Wednesday;12;auto_frequency,source_oxford,auto_no_translation;wednesday
summer;summer;2;auto_frequency,source_oxford,auto_no_translation;summer
song;song;3;auto_frequency,source_oxford,auto_no_translation;song
late;Spät;4;auto_frequency,source_oxford,auto_translation;late
fall;fall;5;auto_frequency,source_oxford,auto_no_translation;fall
idea;Idee;6;auto_frequency,source_oxford,auto_translation;idea
win;gewinnen;7;auto_frequency,source_oxford,auto_translation;win
reason;Grund;8;auto_frequency,source_oxford,auto_translation;reason
spring;spring;9;auto_frequency,source_oxford,auto_no_translation;spring
answer;Antworten;10;auto_frequency,source_oxford,auto_translation;answer
friendly;friendly;11;auto_frequency,source_oxford,auto_no_translation;friendly
police;police;12;auto_frequency,source_oxford,auto_no_translation;police
everyone;everyone;1;auto_frequency,source_oxford,auto_no_translation;everyone
brown;brown;2;auto_frequency,source_oxford,auto_no_translation;brown
glass;Glas;3;auto_frequency,source_oxford,auto_translation;glass
thank;thank;4;auto_frequency,source_oxford,auto_no_translation;thank
telephone;telephone;5;auto_frequency,source_oxford,auto_no_translation;telephone
sport;sport;6;auto_frequency,source_oxford,auto_no_translation;sport
ready;bereit;7;auto_frequency,source_oxford,auto_translation;ready
animal;Tier;8;auto_frequency,source_oxford,auto_translation;animal
understand;verstehen;9;auto_frequency,source_oxford,auto_translation;understand
probably;Wahrscheinlich;10;auto_frequency,source_oxford,auto_translation;probably
sea;Meer;11;auto_frequency,source_oxford,auto_translation;sea
cut;schneiden;12;auto_frequency,source_oxford,auto_translation;cut
improve;Verbessern;1;auto_frequency,source_oxford,auto_translation;improve
strong;stark;2;auto_frequency,source_oxford,auto_translation;strong
hospital;Krankenhaus;3;auto_frequency,source_oxford,auto_translation;hospital
perfect;perfect;4;auto_frequency,source_oxford,auto_no_translation;perfect
tree;Baum;5;auto_frequency,source_oxford,auto_translation;tree
wall;wall;6;auto_frequency,source_oxford,auto_no_translation;wall
extra;extra;7;auto_frequency,source_oxford,auto_no_translation;extra
success;success;8;auto_frequency,source_oxford,auto_no_translation;success
quite;quite;9;auto_frequency,source_oxford,auto_no_translation;quite
wine;wine;10;auto_frequency,source_oxford,auto_no_translation;wine
horse;horse;11;auto_frequency,source_oxford,auto_no_translation;horse
useful;Nützlich;12;auto_frequency,source_oxford,auto_translation;useful
son;son;1;auto_frequency,source_oxford,auto_no_translation;son
rule;Regel;2;auto_frequency,source_oxford,auto_translation;rule
bring;bringen;3;auto_frequency,source_oxford,auto_translation;bring
traffic;Verkehr;4;auto_frequency,source_oxford,auto_translation;traffic
programme;programme;5;auto_frequency,source_oxford,auto_no_translation;programme
modern;modern;6;auto_frequency,source_oxford,auto_no_translation;modern
cool;cool;7;auto_frequency,source_oxford,auto_no_translation;cool
positive;positive;8;auto_frequency,source_oxford,auto_no_translation;positive
opinion;Meinung;9;auto_frequency,source_oxford,auto_translation;opinion
football;football;10;auto_frequency,source_oxford,auto_no_translation;football
vacation;vacation;11;auto_frequency,source_oxford,auto_no_translation;vacation
century;Jahrhundert;12;auto_frequency,source_oxford,auto_translation;century
mountain;Berg;1;auto_frequency,source_oxford,auto_translation;mountain
behind;behind;2;auto_frequency,source_oxford,auto_no_translation;behind
floor;Boden/Stockwerk;3;auto_frequency,source_oxford,auto_translation;floor
match;match;4;auto_frequency,source_oxford,auto_no_translation;match
morning;Morgen;5;auto_frequency,source_oxford,auto_translation;morning
plant;plant;6;auto_frequency,source_oxford,auto_no_translation;plant
pool;pool;7;auto_frequency,source_oxford,auto_no_translation;pool
partner;partner;8;auto_frequency,source_oxford,auto_no_translation;partner
fish;Fisch;9;auto_frequency,source_oxford,auto_translation;fish
born;born;10;auto_frequency,source_oxford,auto_no_translation;born
maybe;vielleicht;11;auto_frequency,source_oxford,auto_translation;maybe
pretty;pretty;12;auto_frequency,source_oxford,auto_no_translation;pretty
yourself;yourself;1;auto_frequency,source_oxford,auto_no_translation;yourself
winter;winter;2;auto_frequency,source_oxford,auto_no_translation;winter
television;television;3;auto_frequency,source_oxford,auto_no_translation;television
interested;interested;4;auto_frequency,source_oxford,auto_no_translation;interested
break;break;5;auto_frequency,source_oxford,auto_no_translation;break
dance;dance;6;auto_frequency,source_oxford,auto_no_translation;dance
reader;reader;7;auto_frequency,source_oxford,auto_no_translation;reader
dark;Dunkelheit/dunkel;8;auto_frequency,source_oxford,auto_translation;dark
enjoy;enjoy;9;auto_frequency,source_oxford,auto_no_translation;enjoy
wrong;falsch;10;auto_frequency,source_oxford,auto_translation;wrong
beginning;beginning;11;auto_frequency,source_oxford,auto_no_translation;beginning
fat;fat;12;auto_frequency,source_oxford,auto_no_translation;fat
driver;driver;1;auto_frequency,source_oxford,auto_no_translation;driver
restaurant;restaurant;2;auto_frequency,source_oxford,auto_no_translation;restaurant
trip;Ausflug;3;auto_frequency,source_oxford,auto_translation;trip
poor;Arm;4;auto_frequency,source_oxford,auto_translation;poor
farm;farm;5;auto_frequency,source_oxford,auto_no_translation;farm
agree;Zustimmen;6;auto_frequency,source_oxford,auto_translation;agree
hear;hören;7;auto_frequency,source_oxford,auto_translation;hear
sometimes;manchmal;8;auto_frequency,source_oxford,auto_translation;sometimes
museum;museum;9;auto_frequency,source_oxford,auto_no_translation;museum
interesting;Interessant;10;auto_frequency,source_oxford,auto_translation;interesting
ten;ten;11;auto_frequency,source_oxford,auto_no_translation;ten
die;sterben;12;auto_frequency,source_oxford,auto_translation;die
parent;parent;1;auto_frequency,source_oxford,auto_no_translation;parent
stand;stehen;2;auto_frequency,source_oxford,auto_translation;stand
detail;detail;3;auto_frequency,source_oxford,auto_no_translation;detail
begin;beginnen;4;auto_frequency,source_oxford,auto_translation;begin
clean;sauber;5;auto_frequency,source_oxford,auto_translation;clean
cup;Tasse;6;auto_frequency,source_oxford,auto_translation;cup
diet;diet;7;auto_frequency,source_oxford,auto_no_translation;diet
difference;difference;8;auto_frequency,source_oxford,auto_no_translation;difference
correct;correct;9;auto_frequency,source_oxford,auto_no_translation;correct
piece;piece;10;auto_frequency,source_oxford,auto_no_translation;piece
seven;seven;11;auto_frequency,source_oxford,auto_no_translation;seven
ball;ball;12;auto_frequency,source_oxford,auto_no_translation;ball
listen;zuhören;1;auto_frequency,source_oxford,auto_translation;listen
discuss;discuss;2;auto_frequency,source_oxford,auto_no_translation;discuss
situation;situation;3;auto_frequency,source_oxford,auto_no_translation;situation
difficult;difficult;4;auto_frequency,source_oxford,auto_no_translation;difficult
village;Dorf;5;auto_frequency,source_oxford,auto_translation;village
ice;ice;6;auto_frequency,source_oxford,auto_no_translation;ice
pink;pink;7;auto_frequency,source_oxford,auto_no_translation;pink
minute;minute;8;auto_frequency,source_oxford,auto_no_translation;minute
bus;bus;9;auto_frequency,source_oxford,auto_no_translation;bus
dictionary;dictionary;10;auto_frequency,source_oxford,auto_no_translation;dictionary
shirt;Hemd;11;auto_frequency,source_oxford,auto_translation;shirt
quickly;quickly;12;auto_frequency,source_oxford,auto_no_translation;quickly
miss;miss;1;auto_frequency,source_oxford,auto_no_translation;miss
exercise;exercise;2;auto_frequency,source_oxford,auto_no_translation;exercise
flight;flight;3;auto_frequency,source_oxford,auto_no_translation;flight
walk;Laufen / Spazieren;4;auto_frequency,source_oxford,auto_translation;walk
wait;warten;5;auto_frequency,source_oxford,auto_translation;wait
orange;orange;6;auto_frequency,source_oxford,auto_no_translation;orange
rich;Reich;7;auto_frequency,source_oxford,auto_translation;rich
guitar;guitar;8;auto_frequency,source_oxford,auto_no_translation;guitar
quarter;quarter;9;auto_frequency,source_oxford,auto_no_translation;quarter
breakfast;Frühstück;10;auto_frequency,source_oxford,auto_translation;breakfast
moment;moment;11;auto_frequency,source_oxford,auto_no_translation;moment
snow;Schnee;12;auto_frequency,source_oxford,auto_translation;snow
weekend;Wochenende;1;auto_frequency,source_oxford,auto_translation;weekend
dollar;dollar;2;auto_frequency,source_oxford,auto_no_translation;dollar
fill;fill;3;auto_frequency,source_oxford,auto_no_translation;fill
chart;chart;4;auto_frequency,source_oxford,auto_no_translation;chart
yesterday;Gestern;5;auto_frequency,source_oxford,auto_translation;yesterday
funny;funny;6;auto_frequency,source_oxford,auto_no_translation;funny
boat;boat;7;auto_frequency,source_oxford,auto_no_translation;boat
theatre;theatre;8;auto_frequency,source_oxford,auto_no_translation;theatre
mouse;mouse;9;auto_frequency,source_oxford,auto_no_translation;mouse
false;false;10;auto_frequency,source_oxford,auto_no_translation;false
flower;Blume;11;auto_frequency,source_oxford,auto_translation;flower
carry;carry;12;auto_frequency,source_oxford,auto_no_translation;carry
eight;eight;1;auto_frequency,source_oxford,auto_no_translation;eight
interview;interview;2;auto_frequency,source_oxford,auto_no_translation;interview
desk;desk;3;auto_frequency,source_oxford,auto_no_translation;desk
festival;festival;4;auto_frequency,source_oxford,auto_no_translation;festival
train;Zug;5;auto_frequency,source_oxford,auto_translation;train
cent;cent;6;auto_frequency,source_oxford,auto_no_translation;cent
apartment;apartment;7;auto_frequency,source_oxford,auto_no_translation;apartment
bath;bath;8;auto_frequency,source_oxford,auto_no_translation;bath
negative;negative;9;auto_frequency,source_oxford,auto_no_translation;negative
healthy;healthy;10;auto_frequency,source_oxford,auto_no_translation;healthy
married;married;11;auto_frequency,source_oxford,auto_no_translation;married
birthday;birthday;12;auto_frequency,source_oxford,auto_no_translation;birthday
wear;Tragen (Kleidung);1;auto_frequency,source_oxford,auto_translation;wear
finish;beenden;2;auto_frequency,source_oxford,auto_translation;finish
sleep;schlafen;3;auto_frequency,source_oxford,auto_translation;sleep
bird;Vogel;4;auto_frequency,source_oxford,auto_translation;bird
famous;famous;5;auto_frequency,source_oxford,auto_no_translation;famous
writer;writer;6;auto_frequency,source_oxford,auto_no_translation;writer
drink;trinken;7;auto_frequency,source_oxford,auto_translation;drink
eat;essen;8;auto_frequency,source_oxford,auto_translation;eat
colour;colour;9;auto_frequency,source_oxford,auto_no_translation;colour
meaning;meaning;10;auto_frequency,source_oxford,auto_no_translation;meaning
wonderful;wonderful;11;auto_frequency,source_oxford,auto_no_translation;wonderful
ticket;Ticket / Fahrkarte;12;auto_frequency,source_oxford,auto_translation;ticket
guess;guess;1;auto_frequency,source_oxford,auto_no_translation;guess
fly;fly;2;auto_frequency,source_oxford,auto_no_translation;fly
daughter;daughter;3;auto_frequency,source_oxford,auto_no_translation;daughter
hey;hey;4;auto_frequency,source_oxford,auto_no_translation;hey
tea;Tee;5;auto_frequency,source_oxford,auto_translation;tea
dress;Kleid;6;auto_frequency,source_oxford,auto_translation;dress
happen;Passieren;7;auto_frequency,source_oxford,auto_translation;happen
clothes;Kleidung;8;auto_frequency,source_oxford,auto_translation;clothes
newspaper;newspaper;9;auto_frequency,source_oxford,auto_no_translation;newspaper
slow;langsam;10;auto_frequency,source_oxford,auto_translation;slow
nine;nine;11;auto_frequency,source_oxford,auto_no_translation;nine
spend;ausgeben/verbringen;12;auto_frequency,source_oxford,auto_translation;spend
grow;wachsen;1;auto_frequency,source_oxford,auto_translation;grow
amazing;amazing;2;auto_frequency,source_oxford,auto_no_translation;amazing
clock;clock;3;auto_frequency,source_oxford,auto_no_translation;clock
feeling;feeling;4;auto_frequency,source_oxford,auto_no_translation;feeling
rain;Regen;5;auto_frequency,source_oxford,auto_translation;rain
tennis;tennis;6;auto_frequency,source_oxford,auto_no_translation;tennis
ride;ride;7;auto_frequency,source_oxford,auto_no_translation;ride
pair;pair;8;auto_frequency,source_oxford,auto_no_translation;pair
dinner;Abendessen;9;auto_frequency,source_oxford,auto_translation;dinner
cream;cream;10;auto_frequency,source_oxford,auto_no_translation;cream
yeah;yeah;11;auto_frequency,source_oxford,auto_no_translation;yeah
fourth;fourth;12;auto_frequency,source_oxford,auto_no_translation;fourth
euro;euro;1;auto_frequency,source_oxford,auto_no_translation;euro
salt;Salz;2;auto_frequency,source_oxford,auto_translation;salt
forget;vergessen;3;auto_frequency,source_oxford,auto_translation;forget
explain;Erklären;4;auto_frequency,source_oxford,auto_translation;explain
paragraph;paragraph;5;auto_frequency,source_oxford,auto_no_translation;paragraph
describe;describe;6;auto_frequency,source_oxford,auto_no_translation;describe
cook;Kochen;7;auto_frequency,source_oxford,auto_translation;cook
hat;Hut/Mütze;8;auto_frequency,source_oxford,auto_translation;hat
blonde;blonde;9;auto_frequency,source_oxford,auto_no_translation;blonde
favourite;favourite;10;auto_frequency,source_oxford,auto_no_translation;favourite
lose;verlieren;11;auto_frequency,source_oxford,auto_translation;lose
cooking;cooking;12;auto_frequency,source_oxford,auto_no_translation;cooking
arm;arm;1;auto_frequency,source_oxford,auto_no_translation;arm
chocolate;chocolate;2;auto_frequency,source_oxford,auto_no_translation;chocolate
concert;concert;3;auto_frequency,source_oxford,auto_no_translation;concert
mouth;Mund;4;auto_frequency,source_oxford,auto_translation;mouth
fruit;Obst;5;auto_frequency,source_oxford,auto_translation;fruit
draw;draw;6;auto_frequency,source_oxford,auto_no_translation;draw
warm;warm;7;auto_frequency,source_oxford,auto_no_translation;warm
sugar;Zucker;8;auto_frequency,source_oxford,auto_translation;sugar
mile;mile;9;auto_frequency,source_oxford,auto_no_translation;mile
paint;paint;10;auto_frequency,source_oxford,auto_no_translation;paint
dish;dish;11;auto_frequency,source_oxford,auto_no_translation;dish
painting;painting;12;auto_frequency,source_oxford,auto_no_translation;painting
hate;hate;1;auto_frequency,source_oxford,auto_no_translation;hate
rice;Reis;2;auto_frequency,source_oxford,auto_translation;rice
twenty;twenty;3;auto_frequency,source_oxford,auto_no_translation;twenty
prepare;prepare;4;auto_frequency,source_oxford,auto_no_translation;prepare
tomorrow;Morgen;5;auto_frequency,source_oxford,auto_translation;tomorrow
milk;Milch;6;auto_frequency,source_oxford,auto_translation;milk
decide;decide;7;auto_frequency,source_oxford,auto_no_translation;decide
boot;boot;8;auto_frequency,source_oxford,auto_no_translation;boot
lunch;Mittagessen;9;auto_frequency,source_oxford,auto_translation;lunch
chicken;chicken;10;auto_frequency,source_oxford,auto_no_translation;chicken
shower;shower;11;auto_frequency,source_oxford,auto_no_translation;shower
tonight;tonight;12;auto_frequency,source_oxford,auto_no_translation;tonight
dear;dear;1;auto_frequency,source_oxford,auto_no_translation;dear
beer;beer;2;auto_frequency,source_oxford,auto_no_translation;beer
swimming;swimming;3;auto_frequency,source_oxford,auto_no_translation;swimming
classroom;classroom;4;auto_frequency,source_oxford,auto_no_translation;classroom
visitor;visitor;5;auto_frequency,source_oxford,auto_no_translation;visitor
twice;twice;6;auto_frequency,source_oxford,auto_no_translation;twice
sit;sitzen;7;auto_frequency,source_oxford,auto_translation;sit
piano;piano;8;auto_frequency,source_oxford,auto_no_translation;piano
journey;journey;9;auto_frequency,source_oxford,auto_no_translation;journey
teach;lehren;10;auto_frequency,source_oxford,auto_translation;teach
exam;exam;11;auto_frequency,source_oxford,auto_no_translation;exam
hundred;hundred;12;auto_frequency,source_oxford,auto_no_translation;hundred
grey;grey;1;auto_frequency,source_oxford,auto_no_translation;grey
lesson;lesson;2;auto_frequency,source_oxford,auto_no_translation;lesson
cinema;Kino;3;auto_frequency,source_oxford,auto_translation;cinema
plane;Flugzeug;4;auto_frequency,source_oxford,auto_translation;plane
bottle;Flasche;5;auto_frequency,source_oxford,auto_translation;bottle
thousand;thousand;6;auto_frequency,source_oxford,auto_no_translation;thousand
meat;Fleisch;7;auto_frequency,source_oxford,auto_translation;meat
busy;busy;8;auto_frequency,source_oxford,auto_no_translation;busy
fantastic;fantastic;9;auto_frequency,source_oxford,auto_no_translation;fantastic
imagine;Sich vorstellen;10;auto_frequency,source_oxford,auto_translation;imagine
jacket;Jacke;11;auto_frequency,source_oxford,auto_translation;jacket
dangerous;gefährlich;12;auto_frequency,source_oxford,auto_translation;dangerous
exciting;Aufregend;1;auto_frequency,source_oxford,auto_translation;exciting
nurse;nurse;2;auto_frequency,source_oxford,auto_no_translation;nurse
quiet;Ruhig;3;auto_frequency,source_oxford,auto_translation;quiet
cake;cake;4;auto_frequency,source_oxford,auto_no_translation;cake
cafe;cafe;5;auto_frequency,source_oxford,auto_no_translation;cafe
shoe;Schuh;6;auto_frequency,source_oxford,auto_translation;shoe
actor;actor;7;auto_frequency,source_oxford,auto_no_translation;actor
fifth;fifth;8;auto_frequency,source_oxford,auto_no_translation;fifth
dirty;dreckig;9;auto_frequency,source_oxford,auto_translation;dirty
worker;worker;10;auto_frequency,source_oxford,auto_no_translation;worker
prefer;prefer;11;auto_frequency,source_oxford,auto_no_translation;prefer
sick;sick;12;auto_frequency,source_oxford,auto_no_translation;sick
purple;purple;1;auto_frequency,source_oxford,auto_no_translation;purple
skill;skill;2;auto_frequency,source_oxford,auto_no_translation;skill
tourist;tourist;3;auto_frequency,source_oxford,auto_no_translation;tourist
ear;Ohr;4;auto_frequency,source_oxford,auto_translation;ear
everybody;everybody;5;auto_frequency,source_oxford,auto_no_translation;everybody
nobody;nobody;6;auto_frequency,source_oxford,auto_no_translation;nobody
sentence;sentence;7;auto_frequency,source_oxford,auto_no_translation;sentence
dancing;dancing;8;auto_frequency,source_oxford,auto_no_translation;dancing
wake;wake;9;auto_frequency,source_oxford,auto_no_translation;wake
repeat;repeat;10;auto_frequency,source_oxford,auto_no_translation;repeat
pound;pound;11;auto_frequency,source_oxford,auto_no_translation;pound
lie;lie;12;auto_frequency,source_oxford,auto_no_translation;lie
conversation;conversation;1;auto_frequency,source_oxford,auto_no_translation;conversation
geography;geography;2;auto_frequency,source_oxford,auto_no_translation;geography
phrase;phrase;3;auto_frequency,source_oxford,auto_no_translation;phrase
introduce;introduce;4;auto_frequency,source_oxford,auto_no_translation;introduce
meal;Mahlzeit;5;auto_frequency,source_oxford,auto_translation;meal
egg;Ei;6;auto_frequency,source_oxford,auto_translation;egg
wash;wash;7;auto_frequency,source_oxford,auto_no_translation;wash
routine;routine;8;auto_frequency,source_oxford,auto_no_translation;routine
coat;Mantel;9;auto_frequency,source_oxford,auto_translation;coat
singer;singer;10;auto_frequency,source_oxford,auto_no_translation;singer
thirty;thirty;11;auto_frequency,source_oxford,auto_no_translation;thirty
opposite;opposite;12;auto_frequency,source_oxford,auto_no_translation;opposite
jeans;jeans;1;auto_frequency,source_oxford,auto_no_translation;jeans
arrive;arrive;2;auto_frequency,source_oxford,auto_no_translation;arrive
dialogue;dialogue;3;auto_frequency,source_oxford,auto_no_translation;dialogue
midnight;midnight;4;auto_frequency,source_oxford,auto_no_translation;midnight
lion;lion;5;auto_frequency,source_oxford,auto_no_translation;lion
twelve;twelve;6;auto_frequency,source_oxford,auto_no_translation;twelve
tired;müde;7;auto_frequency,source_oxford,auto_translation;tired
sing;sing;8;auto_frequency,source_oxford,auto_no_translation;sing
somebody;somebody;9;auto_frequency,source_oxford,auto_no_translation;somebody
photograph;photograph;10;auto_frequency,source_oxford,auto_no_translation;photograph
juice;Saft;11;auto_frequency,source_oxford,auto_translation;juice
afraid;afraid;12;auto_frequency,source_oxford,auto_no_translation;afraid
mistake;Fehler;1;auto_frequency,source_oxford,auto_translation;mistake
farmer;farmer;2;auto_frequency,source_oxford,auto_no_translation;farmer
soup;soup;3;auto_frequency,source_oxford,auto_no_translation;soup
nose;Nase;4;auto_frequency,source_oxford,auto_translation;nose
skirt;skirt;5;auto_frequency,source_oxford,auto_no_translation;skirt
gym;gym;6;auto_frequency,source_oxford,auto_no_translation;gym
laugh;laugh;7;auto_frequency,source_oxford,auto_no_translation;laugh
butter;butter;8;auto_frequency,source_oxford,auto_no_translation;butter
pepper;Pfeffer;9;auto_frequency,source_oxford,auto_translation;pepper
autumn;autumn;10;auto_frequency,source_oxford,auto_no_translation;autumn
toilet;toilet;11;auto_frequency,source_oxford,auto_no_translation;toilet
excited;excited;12;auto_frequency,source_oxford,auto_no_translation;excited
angry;angry;1;auto_frequency,source_oxford,auto_no_translation;angry
passport;passport;2;auto_frequency,source_oxford,auto_no_translation;passport
