pose	card_id	label	element	formal_charge	x	y	z	mount_X_mm	mount_Y_mm	mount_Z_mm
L	C2	CH2; flexible saturated carbon	C	0	0.000000	0.000000	0.000000	80.000	80.000	80.000
L	C3	amide carbonyl C; planar	C	0	1.520000	0.000000	0.000000	95.200	80.000	80.000
L	O	carbonyl O; H-bond acceptor	O	0	2.145000	1.082532	0.000000	101.450	90.825	80.000
L	N4	neutral amide NH; planar, not acceptor	N	0	2.195000	-1.169134	0.000000	101.950	68.309	80.000
L	C5	CH2; flexible saturated carbon	C	0	3.665000	-1.169134	0.000000	116.650	68.309	80.000
L	HN4	amide H	H	0	1.690000	-2.043820	0.000000	96.900	59.562	80.000
L	C1	CH2; flexible saturated carbon	C	0	-0.510000	0.000000	1.442498	74.900	80.000	94.425
L	Nplus	terminal NH3+; ionic contact	N	1	-0.674444	1.395357	1.907617	73.256	93.954	99.076
L	HNplus1	ammonium H	H	0	-0.712222	1.411807	2.926784	72.878	94.118	109.268
L	HNplus2	ammonium H	H	0	-1.539892	1.780177	1.529048	64.601	97.802	95.290
L	HNplus3	ammonium H	H	0	0.115447	1.955753	1.587573	81.154	99.558	95.876
L	P1	phenyl ipso C; planar aromatic	C	0	4.168333	-1.169134	1.423642	121.683	68.309	94.236
L	P2	phenyl aromatic C	C	0	4.401667	0.043301	2.083608	124.017	80.433	100.836
L	P3	phenyl aromatic C	C	0	4.868333	0.043301	3.403541	128.683	80.433	114.035
L	P4	phenyl aromatic C	C	0	5.101667	-1.169134	4.063507	131.017	68.309	120.635
L	P5	phenyl aromatic C	C	0	4.868333	-2.381570	3.403541	128.683	56.184	114.035
L	P6	phenyl aromatic C	C	0	4.401667	-2.381570	2.083608	124.017	56.184	100.836
L	HC1_1	CH2 H	H	0	-1.470194	-0.513831	1.488391	65.298	74.862	94.884
L	HC1_2	CH2 H	H	0	0.207971	-0.513831	2.081712	82.080	74.862	100.817
L	HC2_1	CH2 H	H	0	-0.363333	0.889981	-0.513831	76.367	88.900	74.862
L	HC2_2	CH2 H	H	0	-0.363333	-0.889981	-0.513831	76.367	71.100	74.862
L	HC5_1	CH2 H	H	0	4.028333	-0.279153	-0.513831	120.283	77.208	74.862
L	HC5_2	CH2 H	H	0	4.028333	-2.059116	-0.513831	120.283	59.409	74.862
L	HP2	phenyl H	H	0	4.221667	0.978609	1.574491	122.217	89.786	95.745
L	HP3	phenyl H	H	0	5.048333	0.978609	3.912658	130.483	89.786	119.127
L	HP4	phenyl H	H	0	5.461667	-1.169134	5.081741	134.617	68.309	130.817
L	HP5	phenyl H	H	0	5.048333	-3.316877	3.912658	130.483	46.831	119.127
L	HP6	phenyl H	H	0	4.221667	-3.316877	1.574491	122.217	46.831	95.745
L2	C2	CH2; flexible saturated carbon	C	0	0.000000	0.000000	0.000000	80.000	80.000	80.000
L2	C3	amide carbonyl C; planar	C	0	1.520000	0.000000	0.000000	95.200	80.000	80.000
L2	O	carbonyl O; H-bond acceptor	O	0	2.145000	1.082532	0.000000	101.450	90.825	80.000
L2	N4	neutral amide NH; planar, not acceptor	N	0	2.195000	-1.169134	0.000000	101.950	68.309	80.000
L2	C5	CH2; flexible saturated carbon	C	0	3.665000	-1.169134	0.000000	116.650	68.309	80.000
L2	HN4	amide H	H	0	1.690000	-2.043820	0.000000	96.900	59.562	80.000
L2	C1	CH2; flexible saturated carbon	C	0	-0.510000	0.000000	1.442498	74.900	80.000	94.425
L2	Nplus	terminal NH3+; ionic contact	N	1	-0.674444	-1.395357	1.907617	73.256	66.046	99.076
L2	HNplus1	ammonium H	H	0	-1.285649	-1.411807	2.724048	67.144	65.882	107.240
L2	HNplus2	ammonium H	H	0	0.236627	-1.780177	2.157142	82.366	62.198	101.571
L2	HNplus3	ammonium H	H	0	-1.087645	-1.955753	1.162216	69.124	60.442	91.622
L2	P1	phenyl ipso C; planar aromatic	C	0	4.168333	-1.169134	1.423642	121.683	68.309	94.236
L2	P2	phenyl aromatic C	C	0	4.401667	0.043301	2.083608	124.017	80.433	100.836
L2	P3	phenyl aromatic C	C	0	4.868333	0.043301	3.403541	128.683	80.433	114.035
L2	P4	phenyl aromatic C	C	0	5.101667	-1.169134	4.063507	131.017	68.309	120.635
L2	P5	phenyl aromatic C	C	0	4.868333	-2.381570	3.403541	128.683	56.184	114.035
L2	P6	phenyl aromatic C	C	0	4.401667	-2.381570	2.083608	124.017	56.184	100.836
L2	HC1_1	CH2 H	H	0	0.207971	0.513831	2.081712	82.080	85.138	100.817
L2	HC1_2	CH2 H	H	0	-1.470194	0.513831	1.488391	65.298	85.138	94.884
L2	HC2_1	CH2 H	H	0	-0.363333	0.889981	-0.513831	76.367	88.900	74.862
L2	HC2_2	CH2 H	H	0	-0.363333	-0.889981	-0.513831	76.367	71.100	74.862
L2	HC5_1	CH2 H	H	0	4.028333	-0.279153	-0.513831	120.283	77.208	74.862
L2	HC5_2	CH2 H	H	0	4.028333	-2.059116	-0.513831	120.283	59.409	74.862
L2	HP2	phenyl H	H	0	4.221667	0.978609	1.574491	122.217	89.786	95.745
L2	HP3	phenyl H	H	0	5.048333	0.978609	3.912658	130.483	89.786	119.127
L2	HP4	phenyl H	H	0	5.461667	-1.169134	5.081741	134.617	68.309	130.817
L2	HP5	phenyl H	H	0	5.048333	-3.316877	3.912658	130.483	46.831	119.127
L2	HP6	phenyl H	H	0	4.221667	-3.316877	1.574491	122.217	46.831	95.745
R	Rnegative	negative ionic feature centre	feature		-0.674444	4.795357	1.907617	73.256	127.954	99.076
R	D	H-bond donor heavy-atom anchor	feature		2.145000	4.082532	0.000000	101.450	120.825	80.000
R	Hdonor	donor H; D-H=1.00 A	feature		2.145000	3.082532	0.000000	101.450	110.825	80.000
R	Rhydrophobic	hydrophobic patch feature centre; not an atom	feature		1.335168	-1.169134	3.910241	93.352	68.309	119.102
