047ce369	Anlagezweck, Risiko und Verfügbarkeit bestimmen die Abwägung; nominales Geldwachstum und reale Kaufkraft können auseinanderfallen.	Investment purpose, risk and availability shape the comparison; nominal money growth and real purchasing power may diverge.	Die Person begründet im Reservefall die Bedeutung verfügbarer Mittel und zeigt bei 3 Prozent Zins und 5 Prozent Preisanstieg, weshalb die Kaufkraft trotz höherem Guthaben sinkt.	The learner explains why accessible funds matter in the reserve case and why 3 percent interest with 5 percent inflation reduces purchasing power despite a larger balance.	Bei einem anderen Zeithorizont oder geänderten Preisen passt sie die Kriteriengewichtung und die Kaufkraftaussage selbstständig an.	With a different time horizon or price change, the learner independently adjusts the weighting of criteria and the purchasing-power conclusion.	Der neue Portfolio-Nachfolger baut auf Risikoabwägung auf; der zusätzliche Modellfall 34d ist ein Assessment-Endpunkt und erweitert die atomare Beschreibung nicht. Der weiterhin vorhandene Geldmarkt-Nachfolger bleibt fachlich verschieden.	Drei Gläser zeigen Risiko, Verfügbarkeit und Kaufkraft; Münze und Warenkorb stehen unter einem Fragezeichen. Die leeren Prüffelder geben keine Anlageentscheidung vor.
52e6731e	Digitale Plattformen verändern Suchkosten und Zugang, erzeugen aber zugleich Netzwerkeffekte und Abhängigkeiten durch Wechselhürden.	Digital platforms change search costs and access while also creating network effects and dependence through switching barriers.	Die Person erklärt im Handwerksplattformfall den Zusammenhang von Reichweite, Gebühren und Rangordnung aus Sicht von Anbietern und Nachfragenden.	The learner explains how reach, fees and ranking interact for suppliers and customers in the craft-platform case.	Bei Buchungsplattformen mit nicht übertragbaren Bewertungen unterscheidet sie zusätzliche Auswahl von zunehmender Bindung und begründet ein bedingtes Urteil.	For booking platforms with non-transferable reviews, the learner distinguishes greater choice from stronger lock-in and gives a conditional judgement.	Tatsächlich geändert ist nur die Seitenangabe des vorhandenen Nachfolgers d3 von 208 auf 207. Die Verbindung zu aktuellen Entwicklungen bleibt gleich; dadurch entsteht kein zusätzlicher Lerninhalt.	Die Marktteilnehmenden sind über einen Laptop verbunden; Zugang steht einer Schranke, Gebühren und einem Schloss mit Fragezeichen gegenüber. Die offene Bewertung passt zum Ziel.
1da809f7	Soziale Marktwirtschaft verbindet dezentrale Wettbewerbskoordination mit rechtlichen Regeln und sozialer Absicherung, deren Gestaltung Zielkonflikte einschließt.	The social market economy combines decentralised competitive coordination with legal rules and social protection whose design involves trade-offs.	Die Person ordnet Wettbewerbsschutz und Sozialversicherung begründet ein und erklärt das Zusammenspiel von Marktanreizen, Finanzierung und sozialem Ausgleich.	The learner classifies competition protection and social insurance and explains the interaction of market incentives, financing and social balance.	Sie beurteilt eine geänderte Absicherungsregel anhand ihrer Finanzierung und Anreizwirkungen, ohne Marktordnung mit einer einzelnen Maßnahme gleichzusetzen.	The learner assesses a changed protection rule using its financing and incentives without equating an economic order with one measure.	Neu hinzugekommen ist der Vergleich mit einer konkret bereitgestellten GWÖ-Konzeption f7. Er benötigt die bestehende Einordnung der Sozialen Marktwirtschaft, verlangt hier aber keine vorweggenommene Alternativordnung.	Mehrere Fahrradangebote stehen für Wettbewerb, die Regelcheckliste für den Ordnungsrahmen und das gehaltene Netz für Absicherung. Diese Metaphern werden durch den neuen Vergleich nicht widersprüchlich.
6f1f4654	Die vier Ziele des Stabilitätsgesetzes sind gemeinsam zu betrachten; ein günstiger Einzelindikator begründet keine gesamtwirtschaftliche Zielerreichung.	The four objectives of the Stability Act must be considered together; one favourable indicator does not establish overall economic success.	Die Person verbindet Angaben zu Preisen, Beschäftigung, Wachstum und Außenwirtschaft und begründet im gegebenen Konjunkturfall mögliche Zielkonflikte.	The learner relates prices, employment, growth and external balance and explains possible conflicts in the supplied cyclical case.	Bei niedriger Inflation zusammen mit Arbeitslosigkeit und Stagnation erläutert sie, weshalb Preisstabilität allein kein Erfolgsurteil trägt.	With low inflation alongside unemployment and stagnation, the learner explains why price stability alone does not justify a success judgement.	Der zusätzliche externe Q2-Endpunkt f80 verwendet die bestehende Vierzieleanalyse als Voraussetzung. Er fügt dieser Ownerpage keine neue gesetzliche Zielzahl oder Prognosekompetenz hinzu.	Das Bild enthält genau Preise, Beschäftigung, Wachstum und Außenwirtschaft; die gegenseitigen Pfeile tragen Fragezeichen. Ein fünftes Gesetzesziel oder eine automatische Harmonie wird nicht behauptet.
2d8cc4f2	NGOs können Leistungen, Interessenvertretung und Beteiligung unterstützen; Legitimation, Finanzierung und Rechenschaft begrenzen ihre Handlungsmöglichkeiten.	NGOs may support services, advocacy and participation; legitimacy, financing and accountability delimit their powers.	Die Person unterscheidet im Wasserprojekt die Beiträge von NGO, lokaler Bevölkerung, Geldgebern und öffentlicher Institution und begründet Probleme fehlender Beteiligung.	The learner distinguishes the contributions of the NGO, local community, donors and public institution in the water project and explains problems caused by missing participation.	Im Arbeitsrechtsfall trennt sie NGO-Interessenvertretung von Gewerkschafts-, Unternehmens- und staatlichen Entscheidungsbefugnissen.	In the labour-rights case, the learner distinguishes NGO advocacy from the decision-making powers of unions, firms and the state.	Neu ist ausschließlich der externe Q4-Endpunkt 2baf zur Handelsabhängigkeit und NGO-Beteiligung. Die Verbindung ist anschlussfähig; das NGO-Ziel muss dadurch weder Handelstheorie noch eine Erfolgsgarantie enthalten.	Lokale Beteiligte und NGO besprechen einen Plan; Stimmen, Zusammenarbeit und Rechenschaft sind sichtbar. Die öffentliche Institution bleibt getrennt, die Finanzierung ist ausdrücklich eine Frage.
ac76810e	Handelsabhängigkeit hängt von Gütern, Partnerkonzentration und Ausweichmöglichkeiten ab; Exporterlöse und Importbedarf sind unterscheidbare Beziehungen.	Trade dependence depends on goods, concentration of partners and alternatives; export earnings and import needs are distinct relationships.	Die Person deutet Rohstoffexporte und Maschinenimporte anhand vorgegebener Daten und erklärt, wie wenige Absatzpartner oder kritische Einfuhren Verwundbarkeit erzeugen.	The learner interprets raw-material exports and machinery imports using supplied data and explains vulnerability from few buyers or critical imports.	Beim Fall verarbeiteter Lebensmittel mit einem gemeinsamen Hafen prüft sie zusätzlich Input- und Transportabhängigkeit statt nur den Exportanteil zu wiederholen.	For processed food using a shared port, the learner additionally examines input and transport dependence instead of merely repeating the export share.	Der externe Q4-Endpunkt 2baf ergänzt den schon vorhandenen 44fb; beide können Handelsabhängigkeit voraussetzen. Es handelt sich um neue Anschlusskontexte, keine Erweiterung des bestehenden atomaren Leistungsversprechens.	Die gegenläufigen Schiffe zeigen Rohstoffe und verarbeitete Waren; darunter stehen Partner, Produkte und Abhängigkeit mit Fragen. Die Pfeile sind qualitative Handelsrichtungen ohne erfundene Mengenskala.
2aee114f	Rechtliche Regeln ordnen Erwartungen, schützen Interessen und ermöglichen Konfliktausgleich; diese Funktionen sind fallbezogen zu begründen.	Legal rules structure expectations, protect interests and enable conflict resolution; these functions require case-specific justification.	Die Person erklärt an Rückgaberegeln für gemeinsam genutzte Gegenstände Schutz und Verlässlichkeit und wägt eine mildere Regel gegen die betroffenen Interessen ab.	The learner explains protection and reliability through return rules for shared equipment and weighs a less restrictive rule against affected interests.	Bei einem Kaufmodell ohne Mängelrechte erklärt sie, welche Interessen und Konfliktlösungsmöglichkeiten verloren gehen und welche Regel geeignet wäre.	For a sale model without defect remedies, the learner explains the lost interests and conflict-resolution options and identifies a suitable rule.	Die einzige echte Veränderung ist die Seitenposition des bestehenden Vertragsnachfolgers 78 von 205 auf 204. Die Funktionen rechtlicher Regelungen werden dadurch inhaltlich nicht neu bewertet.	Ein Parkkonflikt führt zu einer Regelübersicht und geordnetem Zusammenleben. Schutz, Ordnung und Ausgleich sind getrennt beschriftet; das Bild zeigt keine bestimmte Regel als ausnahmslos gerecht.
7159ae22	Zivilrechtliche Ersatzpflicht und strafrechtliche Verantwortung folgen unterschiedlichen Voraussetzungen, etwa Alter, Einsicht und Vorsatz.	Civil liability for compensation and criminal responsibility have different conditions, including age, discernment and intent.	Die Person begründet im Tabletfall, weshalb fahrlässiger Schaden zivilrechtliche Folgen haben kann, ohne dadurch eine vorsätzliche Sachbeschädigung zu begründen.	The learner explains why negligent damage in the tablet case may have civil consequences without establishing intentional criminal damage.	Bei einer dreizehnjährigen Person mit absichtlicher Beschädigung unterscheidet sie die fehlende Strafmündigkeit von einer gesondert zu prüfenden zivilrechtlichen Haftung.	For deliberate damage by a thirteen-year-old, the learner distinguishes absence of criminal responsibility from civil liability that requires separate examination.	Der alte pauschale Vertiefungsnachfolger 713 entfällt; stattdessen ergänzt c9b einen konkreten zivil-/strafrechtlichen Assessment-Endpunkt. Diese Trennung verhindert, dass Minderjährigenbeschäftigung hier sachfremd vorausgesetzt wird.	Handlung, mögliche Folgen und Normprüfung sind getrennt dargestellt. Der beschädigte Fahrradteil ist ein Denkbeispiel; Folgen bleiben ein Fragezeichen und kein Schuldspruch.
3a6568d2	Onlinehandeln berührt Nutzungsrechte, Persönlichkeitsrechte und Vertragspflichten; technische Möglichkeit ersetzt rechtliche Erlaubnis nicht.	Online actions involve usage rights, personality rights and contractual duties; technical ability does not replace legal permission.	Die Person prüft für einen Schulblog Musik- und Bildnutzung getrennt und begründet, weshalb ein verfügbarer Download oder ein Klick nicht jede notwendige Erlaubnis ersetzt.	The learner separately examines music and image use for a school blog and explains why a download or click does not replace every required permission.	Bei einem kostenpflichtigen Abo einer minderjährigen Person prüft sie zusätzlich Zustimmung und die vorgegebene Bestellgestaltung statt bloß Medienrechte zu wiederholen.	For a paid subscription by a minor, the learner additionally examines consent and the supplied order design rather than merely repeating media-rights rules.	Entfernt wurde ausschließlich der sachlich unbestimmte Nachfolger 713. Der weiterhin vorhandene Nachfolger f6 vertieft die Medienrechte, ohne eine neue Voraussetzung auf dieser Seite zu erzeugen.	Einwilligung, Rechte und Entscheidung stehen in getrennten Gedankenfeldern; das zentrale Fragezeichen lässt die Fallprüfung offen. Zustimmungssymbol und Urheberrechtssymbol werden nicht gleichgesetzt.
f6a445cb	Urheberrechtliche Nutzungserlaubnis und Schutz einer abgebildeten Person sind getrennte Voraussetzungen; Ausnahmen gelten nur in ihrem jeweiligen Umfang.	Copyright permission and protection of a depicted person are separate requirements; exceptions apply only within their own scope.	Die Person unterscheidet im Lehrmaterialfall geschützte Unterrichtsnutzung von öffentlicher Wiederveröffentlichung und prüft daneben die abgebildete Person.	The learner distinguishes protected classroom use from public republication in the teaching-material case and separately examines the depicted person.	Bei einer zulässigen privaten Kopie erklärt sie, weshalb daraus keine allgemeine öffentliche Veröffentlichungsbefugnis oder Portraitfreigabe folgt.	For a lawful private copy, the learner explains why it does not create general public republication rights or portrait consent.	Der pauschale Nachfolger 713 entfällt; der neue externe Endpunkt 650 prüft Onlineveröffentlichung konkret. Die Trennung von Urheber- und Persönlichkeitsrecht bleibt in diesem Anschluss erhalten.	Links steht ein gezeichnetes Werk mit Copyright, rechts ein Portrait mit Person und Schloss. Die Nutzungsfrage dazwischen legt keine pauschale Freigabe nahe.
78eeb8fe	Vertragsschluss durch passende Erklärungen, vertragliche Pflichten und Eigentumsübertragung sind verschiedene rechtliche Schritte.	Contract formation through matching declarations, contractual duties and transfer of ownership are distinct legal steps.	Die Person erklärt, weshalb ein Angebot über 120 Euro mit einem Gegenangebot über 100 Euro noch nicht unverändert angenommen ist, und benennt die daraus folgenden offenen Pflichten.	The learner explains why a 120-euro offer with a 100-euro counteroffer has not been accepted unchanged and identifies the duties that remain unresolved.	Beim Vertrag heute und der Übergabe morgen trennt sie Verpflichtung und Eigentumswechsel anhand der jeweils bereitgestellten Regeln.	For a contract today and handover tomorrow, the learner separates obligation and ownership transfer using the supplied rules.	Die eigene Seite rückt von 205 auf 204, die beiden unveränderten Nachfolger 1f und dae jeweils um eine Seite vor. Diese tatsächlichen Positionsänderungen lassen Angebot, Annahme und Pflichten sowie die didaktische Richtung unverändert.	Angebot und Annahme betreffen dasselbe Fahrrad und denselben Preis von 300 Euro. Die anschließende Pflichtenübersicht vermeidet eine bildliche automatische Eigentumsübertragung.
1f5c3e82	Beschränkte Geschäftsfähigkeit erfordert die Prüfung von Zustimmung, rechtlichem Vorteil oder vollständiger Leistung mit überlassenen Mitteln, nicht nur des Preises.	Limited contractual capacity requires examination of consent, legal benefit or full performance using authorised funds, not merely the price.	Die Person begründet den Unterschied zwischen einem vollständig bezahlten Heft aus überlassenen Mitteln und einem ohne Zustimmung abgeschlossenen Ratenkauf.	The learner explains the difference between a notebook fully paid from authorised funds and an instalment purchase made without consent.	Bei anderem Alter oder noch offenen Raten prüft sie die Bedingungen erneut und leitet keine allgemeine Taschengeld-Preisgrenze ab.	With a different age or unpaid instalments, the learner reassesses the conditions and does not infer a universal pocket-money price ceiling.	Seite, Voraussetzung 78 und Nachfolger c4 sind nur neu nummeriert. Das weiterhin notwendige Vertragsverständnis und der unveränderte Memory-Anschluss an Wirtschaftsrecht bleiben fachlich passend.	Alter, Mittel und Zustimmung tragen jeweils eine Frage; beim Kopfhörerkauf wird keine feste Preisgrenze gezeigt. Das Bild passt auch nach der Seitenverschiebung zur bedingten Prüfung.
 c4faf50c	Mängelrechte und Widerruf haben unterschiedliche Anlässe und Voraussetzungen; ein Verbraucher muss sein konkretes Anliegen sachlich begründet kommunizieren.	Defect remedies and withdrawal have different triggers and requirements; a consumer must communicate the specific request with reasons.	Die Person formuliert für mangelhafte Kopfhörer eine passende Nacherfüllungsforderung und verbindet sie mit den bereitgestellten Kaufrechtsregeln.	The learner formulates an appropriate request to remedy defective headphones and relates it to the supplied sales-law provisions.	Bei einer online gekauften mangelfreien Jacke unterscheidet sie Widerruf von Mängelrechten und erklärt, weshalb ein Ladenkauf nicht automatisch denselben Anlass bietet.	For a non-defective jacket bought online, the learner distinguishes withdrawal from defect remedies and explains why a shop purchase does not automatically provide the same ground.	Eigene Seite, Voraussetzung 1f und der Nachfolger d3 verschieben sich um eine Seite; der Nachfolger bd413 bleibt. Der kommunikationsbezogene Lernkern wird weder mit vollständiger Falltechnik noch mit einer neuen Kaufrechtsnorm überladen.	Der beschädigte Toaster führt zum Gespräch und zu Reparatur oder Ersatz. Die weiteren Folgen stehen unter der Bedingung, dass dies nicht möglich ist; die Illustration ist keine vollständige Rechtsfolgenliste.
 d3c11bfa	Eine virtuelle Kaufentscheidung verbindet Bedarf, Gesamtkosten, Zeitdruck und Verlässlichkeit; Plattformkomfort allein begründet keinen angemessenen Kauf.	A virtual purchase decision combines need, total cost, time pressure and reliability; platform convenience alone does not justify a suitable purchase.	Die Person vergleicht 35 Euro zuzüglich 8 Euro Versand mit einem lokalen Angebot über 40 Euro und begründet eine Entscheidung anhand Bedarf und Lieferzeit.	The learner compares 35 euros plus 8 euros delivery with a local 40-euro offer and justifies a choice through need and delivery time.	Bei vielen fragwürdigen statt wenigen überprüfbaren Bewertungen gewichtet sie Belegqualität und Anbieterinformationen und passt ihr Urteil an.	With many questionable reviews instead of fewer verifiable ones, the learner weighs evidence quality and seller information and adjusts the judgement.	Nur eigene Seite und Seitenverweis der Voraussetzung c4 ändern sich. Die beiden vorhandenen Voraussetzungen Digitalisierung und Verbraucherkommunikation tragen weiterhin die Abwägung; der E-Endpunkt bleibt eigener Assessment-Kontext.	Der Bildschirm erzeugt zeitlichen Kaufdruck, die Denkblase fragt nach Gesamtkosten und Zuverlässigkeit, daneben bleibt ein Fachgeschäft als Option sichtbar. Keine Alternative ist als zwangsläufig überlegen markiert.
dae93971	Subsumtion verbindet jedes Tatbestandsmerkmal mit relevanten Tatsachen und prüft mögliche Gegenrechte oder fehlende Informationen vor der Rechtsfolge.	Subsumption links each legal condition to relevant facts and examines countervailing rights or missing information before reaching a legal consequence.	Die Person prüft Herausgabeanspruch und Besitzrecht im Buchfall anhand der bereitgestellten Normen und begründet, weshalb Eigentum allein bei bestehendem Leihrecht nicht genügt.	The learner examines a claim to return a book and the right to possession using supplied provisions and explains why ownership alone is insufficient with an existing loan right.	Bei vorsätzlicher gegenüber bloß fahrlässiger Beschädigung ändert sie die Subsumtion am maßgeblichen Merkmal und benennt offene Tatsachen.	For intentional rather than merely negligent damage, the learner changes the subsumption at the decisive condition and identifies unresolved facts.	Die neue Minderjährigenbeschäftigung 713 und Gerichtszweige 772 verwenden jetzt diese Falltechnik; der Verfahrenvergleich 512 trägt einen konkreten Titel. Das ist ein verständlicher gemeinsamer Methodenzugang. Die Voraussetzung 78 ist nur neu nummeriert, die anderen Nachfolger bleiben.	Norm, Tatbestand und Rechtsfolge werden nacheinander gezeigt; die teilweise ausgefüllte Merkmalsliste und das Fragezeichen bei Rechtsfolge unterstützen echte Subsumtion statt automatisches Ergebnis.
71319337	Zulässigkeit einer Minderjährigenbeschäftigung folgt aus der fallbezogenen Verknüpfung von Alter, Schulpflicht, Zeitgrenzen und Schutzbedingungen innerhalb der bereitgestellten Normen.	Permissibility of a minor's employment follows from relating age, compulsory schooling, time limits and protective conditions within the provided provisions.	Die Person prüft den Fall der sechzehnjährigen Person ohne Vollzeitschulpflicht anhand der gegebenen Tages-, Wochen- und Zeitgrenzen und begründet, weshalb neun Stunden oder Arbeit bis 21 Uhr ohne die ausdrücklich ausgeschlossenen Ausnahmen anders zu beurteilen sind.	The learner examines the sixteen-year-old without full-time compulsory schooling using the supplied daily, weekly and time limits and explains why nine hours or work until 21:00 differs when the stated exceptions are excluded.	Beim schulpflichtigen Ferienfall prüft sie die Vierwochenregel und erkennt, weshalb fünf Wochen mit sonst gleichen Bedingungen keine bloße Zahlenvariante ohne rechtliche Bedeutung sind.	In the school-holiday case, the learner applies the four-week rule and recognises why five weeks under otherwise identical conditions is legally significant.	DE und EN begrenzen gleichwertig die Zulässigkeit auf die vier Kriterien und bereitgestellte aktuelle Normen. Die früheren unspezifischen Rechtskompetenzen sind durch eine einzelne Subsumtionsleistung ersetzt; dae ist dafür passend. Beide vollständigen P2-Fälle liefern die Bedingungen, einschließlich Ausschluss sämtlicher §14-Ausnahmen im ersten Fall und fortbestehender Vollzeitschulpflicht im Transfer. WR8 4.3 ist korrekt als wählbarer WWG-Profilbereich bezeichnet; keine allgemeine Bundesland-Sourcefreigabe folgt. Abrufanker sind Prüfkategorien und Subsumtionsschema, nicht eine dauerhaft auswendig zu lernende Sammlung veränderlicher Zeitgrenzen.	Geburtstagskuchen, Schulrucksack, Uhr und Schutzschild sind vier getrennte Symbole. Kuchenkerzen geben kein gesetzliches Alter an und die Uhr behauptet keine konkrete zulässige Endzeit. PNG und vollständige PDF-Seite sind lesbar und zeigen ein offenes Prüfen.
b44892ea	Jugendstrafrechtliche Prüfung unterscheidet Tatbestand, Vorsatz und persönliche Verantwortlichkeit von bloß unerwünschtem Verhalten oder Vermutungen.	Juvenile criminal-law analysis distinguishes the offence, intent and personal responsibility from merely undesirable conduct or suspicions.	Die Person prüft im Jackenfall Wegnahme und Zueignungsabsicht sowie Jugendalter und Verantwortlichkeit; eine erteilte Erlaubnis verändert die Tatbestandsprüfung.	The learner examines taking and intent to appropriate in the jacket case, together with age and responsibility; permission changes the offence analysis.	Beim Zaunfall unterscheidet sie absichtliche Sachbeschädigung von Fahrlässigkeit und trennt die strafrechtliche Prüfung von möglichen zivilrechtlichen Folgen.	In the fence case, the learner distinguishes intentional damage from negligence and separates criminal analysis from possible civil consequences.	Der Verweis auf dae ist nur neu nummeriert; der alte pauschale Nachfolger 512 entfällt, weil er jetzt Verfahrensarten und nicht Jugendtatbestände behandelt. Die bestehenden konkreten Delikts- und Rechtsfolgennachfolger bleiben konsistent.	Merkmale, Belege und Prüfung sind getrennt. Fensterschaden, Spraydose und Spuren begründen im Bild kein feststehendes Delikt; ein Fragezeichen lässt die Prüfung offen.
51203e8f	Zivilverfahren dienen der Entscheidung privater Ansprüche, Strafverfahren der staatlichen Verfolgung eines Tatvorwurfs; Rollen und mögliche Ergebnisse dürfen nicht vermischt werden.	Civil proceedings decide private claims, while criminal proceedings concern state prosecution of an alleged offence; roles and possible outcomes must remain distinct.	Die Person ordnet im Fahrradfall Parteien, Gericht und privaten Anspruch dem Zivilverfahren sowie Staatsanwaltschaft, beschuldigter Person, Verteidigung und Gericht dem Strafverfahren zu und erläutert Ermittlung, Anklageprüfung und mögliche Entscheidung.	The learner assigns parties, court and private claim to civil proceedings and prosecutor, accused person, defence and court to criminal proceedings in the bicycle case, explaining investigation, review of charges and possible decisions.	Bei ausstehendem Lohn und einem getrennten Diebstahlsverdacht unterscheidet sie Anspruchsentscheidung und staatliche Strafverfolgung erneut, ohne einen Vorwurf als Urteil auszugeben.	For unpaid wages and a separate theft suspicion, the learner again distinguishes claim adjudication from state prosecution without treating an allegation as a verdict.	Die DE/EN-Fassung nennt denselben Vergleich nach Zweck, Rollen, Schritten und Vorwurf/Ergebnis und bildet eine zusammenhängende Kompetenz. dae trägt die Rechtsfalltechnik; die frühere Jugendtatbestandsvoraussetzung ist für diesen Vergleich entbehrlich. P2 führt im ersten Fall nicht von Anklage unmittelbar zu Verurteilung, sondern enthält Eröffnung und Hauptverhandlung; im zweiten ist der Arbeitsrechtsstreit vom Strafvorwurf getrennt. WR10 5.2 bleibt ausdrücklich wählbarer Profilbereich, kein behauptetes überall verpflichtendes Thema. Dauerhafte Abrufanker wären Zweck und Rollen, dynamische Prozessdetails bleiben bereitgestelltes Arbeitsmaterial.	Im PNG stehen links zwei private Parteien um ein neutrales Gericht, rechts eine stehende Verfolgungsrolle, neutrales Gericht sowie Beschuldigter mit Begleitung/Verteidigung. Das große Fragezeichen rechts hält den Ausgang offen. Ganze PDF-Seite und PNG sind lesbar.
682facbf	Rechtsstaatliche Bindung und gerichtliche Kontrolle sind von eigener Bewertung einer Regel zu unterscheiden; Interessenausgleich ist am konkreten Konflikt zu begründen.	Rule-of-law constraints and judicial control are distinct from one's evaluation of a rule; balancing interests requires a concrete conflict.	Die Person erklärt bei willkürlicher Genehmigung die Bedeutung staatlicher Gesetzesbindung und Kontrollmöglichkeit, ohne einen sicheren Prozesserfolg zu behaupten.	The learner explains the importance of legal constraints and review for arbitrary licensing without claiming certain success in court.	Im Reparatur-/Ersatzfall prüft sie die bereitgestellte Verhältnismäßigkeitsregel und benennt fehlende Angaben zur Bedeutung des Mangels statt nur Kosten zu vergleichen.	In the repair/replacement case, the learner examines the supplied proportionality rule and identifies missing facts about the defect's significance rather than merely comparing costs.	Nur der früher unspezifische Nachfolger 772 entfällt; sein neuer Gerichtszweigvergleich benötigt jetzt Falltechnik. Eigentumsordnung, Schutzfunktion und aktuelle Entwicklungen bleiben sinnvolle Anschlüsse an Rechtsstaatlichkeit.	Staatliches und privates Regelfeld stehen nebeneinander, darunter Regeln, Rechtsstaat und Interessen. Die Waage illustriert Abwägung; keine gerichtliche Zuständigkeit oder Urteilsgarantie wird aus dem Bild abgeleitet.
099086bb	Eigentum schützt Nutzung und Verfügung und unterliegt rechtlich bestimmten sozialen Grenzen; allgemeines Wohl ersetzt die Voraussetzungen einer Enteignung nicht.	Property protects use and disposal and is subject to legally defined social limits; general welfare does not replace the conditions for expropriation.	Die Person begründet im Werkstattfall den Unterschied zwischen Eigentumsschutz und einer Schutzregel gegen nächtlichen Lärm anhand des bereitgestellten Artikel-14-Kontexts.	The learner explains the distinction between property protection and a rule against night-time workshop noise using the supplied Article 14 context.	Beim Entzug eines Grundstücks für einen öffentlichen Weg trennt sie Inhaltsbegrenzung und Enteignung und verlangt die im Material benannten gesetzlichen und Entschädigungsbedingungen.	For taking land for a public path, the learner separates regulation of property from expropriation and requires the statutory and compensation conditions named in the material.	Der frühere pauschale Kursstufennachfolger 772 entfällt; stattdessen ergänzt 25a einen Q1-Assessment-Endpunkt zu Eigentumsrechten und sozialem Interessenausgleich. Er erweitert dieses Atom nicht um Prozessrecht.	Haus, Garten und Werkstatt zeigen Eigentum, daneben Grenzen und gesellschaftliche Werte. Das Fragezeichen am Grundstück und die Waage behaupten keine grenzenlose Eigentümerbefugnis.
