goalId,bucket,title,canonicalExact,scienceExact,full383PageExact,atlasPageExact,atlasChangedFields,beforeSourceViews,afterSourceViews
ce19b80f-d392-5851-ac92-750c85adfb3e,current21,Neuronaler Aufbau,False,False,False,False,applicability;description;externalReverseRequires;goalFingerprint;pageFingerprint;reverseRequires,DE-BB/SekI/;DE-BE/SekI/;DE-BY/SekI/;DE-BY/SekII/GK;DE-BY/SekII/LK;DE-HE/SekII/GK;DE-HE/SekII/LK;DE-HH/SekI/;DE-MV/SekI/;DE-NW/SekI/;DE-RP/SekI/;DE-SH/SekI/;DE-SN/SekI/;DE-ST/SekI/;DE-TH/SekI/,DE-BY/SekII/GK;DE-BY/SekII/LK;DE-HE/SekII/GK;DE-HE/SekII/LK
ff1bf88f-2413-5668-a071-ce9fc499cba3,current21,Synaptische Übertragung,False,True,True,False,anchor;applicability;breadcrumbs;chapterIds;description;externalPrerequisites;externalReverseRequires;goalFingerprint;goalId;navigationOrder;pageFingerprint;pageNumber;requires;reverseRequires;title;treeOrder,DE-BB/SekI/;DE-BE/SekI/;DE-BY/SekII/GK;DE-BY/SekII/LK;DE-HE/SekII/GK;DE-HE/SekII/LK;DE-HH/SekI/;DE-MV/SekI/;DE-NW/SekI/;DE-RP/SekI/;DE-SH/SekI/;DE-SN/SekI/;DE-ST/SekI/;DE-TH/SekI/,
a46cafde-7359-5249-8754-19aaa3174ba4,current21,Signalverarbeitung und Plastizität,False,False,False,False,anchor;applicability;breadcrumbs;chapterIds;description;externalPrerequisites;externalReverseRequires;goalFingerprint;goalId;navigationOrder;pageFingerprint;pageNumber;requires;reverseRequires;title;treeOrder,DE-HE/SekII/GK;DE-HE/SekII/LK,
78748ef2-93fb-5ec3-8c1e-90e42b9ea863,current21,Rezeptorpotenziale und Sinneszellen,False,True,True,False,applicability;externalReverseRequires;navigationOrder;pageFingerprint;pageNumber;reverseRequires;treeOrder,DE-BB/SekI/;DE-BE/SekI/;DE-BY/SekII/LK;DE-HE/SekII/LK,DE-HE/SekII/LK
19758e09-1bc4-5ee4-bf52-89b3bc28e947,current21,Hormonelle Steuerung verknüpfen,False,True,True,False,applicability;externalPrerequisites;externalReverseRequires;navigationOrder;pageFingerprint;pageNumber;requires;reverseRequires;treeOrder,DE-BB/SekI/;DE-BE/SekI/;DE-BY/SekI/;DE-BY/SekII/LK;DE-HE/SekII/LK;DE-HH/SekI/;DE-NW/SekI/;DE-SH/SekI/;DE-SN/SekI/;DE-ST/SekI/;DE-TH/SekI/,DE-HE/SekII/LK
e1117126-4e78-5a37-a645-2debc167219b,current21,Synaptische Integration analysieren,False,False,False,False,description;externalPrerequisites;externalReverseRequires;goalFingerprint;navigationOrder;pageFingerprint;pageNumber;requires;reverseRequires;treeOrder,DE-BY/SekII/LK;DE-HE/SekII/LK,DE-BY/SekII/LK;DE-HE/SekII/LK
347110a1-1d2e-5195-8acc-64e7e3893ce5,current21,Zelluläre Lernprozesse,False,True,True,False,applicability;externalReverseRequires;navigationOrder;pageFingerprint;pageNumber;requires;reverseRequires;treeOrder,DE-BY/SekII/LK;DE-HE/SekII/LK,DE-HE/SekII/LK
485ef1c3-8997-52b7-91f5-b1ddf179013d,current21,Neuronale Erkrankungen einordnen,False,False,False,False,applicability;description;externalPrerequisites;goalFingerprint;navigationOrder;pageFingerprint;pageNumber;requires;treeOrder,DE-BY/SekII/GK;DE-BY/SekII/LK;DE-HE/SekII/LK,DE-HE/SekII/LK
afde0001-d7d7-5ed3-8a60-383e8da5620e,current21,Neurophysiologische Verfahren,False,True,True,False,applicability;externalPrerequisites;navigationOrder;pageFingerprint;pageNumber;requires;treeOrder,DE-BY/SekII/LK;DE-HE/SekII/LK,DE-HE/SekII/LK
2381d2bb-176c-5903-8c6e-82f4bd5023a4,current21,Potenzialmessungen planen und auswerten,False,False,False,False,goalFingerprint;navigationOrder;pageFingerprint;pageNumber;title;treeOrder,DE-HE/SekII/GK;DE-HE/SekII/LK,DE-HE/SekII/GK;DE-HE/SekII/LK
c9a06264-cce2-54dd-9604-46dd5949f02e,current21,Langzeitpotenzierung und -depression,False,True,True,False,anchor;applicability;breadcrumbs;chapterIds;description;externalPrerequisites;externalReverseRequires;goalFingerprint;goalId;navigationOrder;pageFingerprint;pageNumber;requires;reverseRequires;title;treeOrder,DE-HE/SekII/LK,
4f631f78-e13a-58e5-9092-f4db0b8d377a,current21,Hebbsches Lernen und Netzwerke,False,True,True,False,anchor;applicability;breadcrumbs;chapterIds;description;externalPrerequisites;externalReverseRequires;goalFingerprint;goalId;navigationOrder;pageFingerprint;pageNumber;requires;reverseRequires;title;treeOrder,DE-HE/SekII/LK,
97b24279-def0-5ce6-8726-a1cac9cd38ad,current21,Neuronale Netzwerke modellieren,False,True,True,False,anchor;applicability;breadcrumbs;chapterIds;description;externalPrerequisites;externalReverseRequires;goalFingerprint;goalId;navigationOrder;pageFingerprint;pageNumber;requires;reverseRequires;title;treeOrder,DE-HE/SekII/LK,
9b966664-906b-5a5d-8008-cae18de043aa,current21,Neuromodulation und Neurotransmitter,False,True,True,False,anchor;applicability;breadcrumbs;chapterIds;description;externalPrerequisites;externalReverseRequires;goalFingerprint;goalId;navigationOrder;pageFingerprint;pageNumber;requires;reverseRequires;title;treeOrder,DE-HE/SekII/LK,
f6280154-d57c-599c-94bf-73313005a6df,current21,Neuropharmakologie,False,True,True,False,anchor;applicability;breadcrumbs;chapterIds;description;externalPrerequisites;externalReverseRequires;goalFingerprint;goalId;navigationOrder;pageFingerprint;pageNumber;requires;reverseRequires;title;treeOrder,DE-HE/SekII/LK,
8b23f8fb-555d-5720-b5f2-dd6f28a0e786,current21,Sensorische Codierung,False,True,True,False,anchor;applicability;breadcrumbs;chapterIds;description;externalPrerequisites;externalReverseRequires;goalFingerprint;goalId;navigationOrder;pageFingerprint;pageNumber;requires;reverseRequires;title;treeOrder,DE-HE/SekII/LK,
1b38144f-cdbd-5dfe-a792-94669bdc31d8,current21,Biomembranen und Kompartimenttransport erklären,False,True,True,False,navigationOrder;pageFingerprint;pageNumber;reverseRequires;treeOrder,DE-BY/SekII/GK;DE-BY/SekII/LK,DE-BY/SekII/GK;DE-BY/SekII/LK
e3fb5f1d-e277-5e28-8883-45821b972607,current21,Ruhepotential aus Ionenverteilungen erklären,False,True,True,False,applicability;navigationOrder;pageFingerprint;pageNumber;requires;reverseRequires;treeOrder,DE-BY/SekII/GK;DE-BY/SekII/LK,DE-BY/SekII/GK;DE-BY/SekII/LK;DE-HE/SekII/GK;DE-HE/SekII/LK
04d770b3-ba5e-5438-88ca-110cbaeba62c,current21,Aktionspotential und Codierung erklären,False,True,True,False,applicability;navigationOrder;pageFingerprint;pageNumber;requires;reverseRequires;treeOrder,DE-BY/SekII/GK;DE-BY/SekII/LK,DE-BY/SekII/GK;DE-BY/SekII/LK;DE-HE/SekII/GK;DE-HE/SekII/LK
080b10c7-f308-57ff-b067-3bd189e37fea,current21,Erregungsleitung an Nervenfasern vergleichen,False,True,True,False,applicability;navigationOrder;pageFingerprint;pageNumber;requires;treeOrder,DE-BY/SekII/GK;DE-BY/SekII/LK,DE-BY/SekII/GK;DE-BY/SekII/LK;DE-HE/SekII/GK;DE-HE/SekII/LK
c05e217f-33fc-5a11-ba75-1397fad3ae0a,current21,Hormonregulation und Stressfolgen erklären,False,True,False,False,applicability;goalFingerprint;navigationOrder;pageFingerprint;pageNumber;requires;treeOrder,DE-BB/SekI/;DE-BE/SekI/;DE-BY/SekII/LK;DE-NW/SekI/,DE-BY/SekII/LK
01819a6c-f965-5b33-8c4e-07affb3c659f,protected67_D_anchor_union,Enzymhemmung erklären,True,True,True,True,,DE-HE/SekII/GK;DE-HE/SekII/LK,DE-HE/SekII/GK;DE-HE/SekII/LK
0263fb84-33b1-52a3-a47e-dad56be7c9bc,protected67_D_anchor_union,"Gen, Genprodukt und Merkmal im einfachen Modell verknüpfen",True,True,True,False,navigationOrder;pageFingerprint;pageNumber;reverseRequires;treeOrder,DE-NI/SekI/,DE-NI/SekI/
0380f992-723a-513d-8c3f-8ca7f8e0394f,protected67_D_anchor_union,Lebewesen mit Bestimmungshilfen bestimmen,True,True,True,False,pageFingerprint;reverseRequires,DE-BB/SekI/;DE-BE/SekI/;DE-BW/SekI/;DE-BY/SekI/;DE-HB/SekI/;DE-HH/SekI/;DE-MV/SekI/;DE-NI/SekI/;DE-NW/SekI/;DE-RP/SekI/;DE-SH/SekI/;DE-SL/SekI/;DE-SN/SekI/;DE-ST/SekI/;DE-TH/SekI/,DE-BB/SekI/;DE-BE/SekI/;DE-BW/SekI/;DE-BY/SekI/;DE-HB/SekI/;DE-HH/SekI/;DE-MV/SekI/;DE-NI/SekI/;DE-NW/SekI/;DE-RP/SekI/;DE-SH/SekI/;DE-SL/SekI/;DE-SN/SekI/;DE-ST/SekI/;DE-TH/SekI/
08fa0412-7bcb-53b5-8660-5c4effa680ff,protected67_D_anchor_union,Lebewesen nach vorgegebenen Kriterien ordnen,True,True,True,False,navigationOrder;pageFingerprint;pageNumber;treeOrder,DE-NI/SekI/,DE-NI/SekI/
0ac51522-352c-50d1-8b95-8d3992b4db15,protected67_D_anchor_union,DNA-Methylierung bei Eukaryoten erklären,True,True,True,True,,DE-BY/SekII/GK;DE-BY/SekII/LK;DE-HE/SekII/GK;DE-HE/SekII/LK,DE-BY/SekII/GK;DE-BY/SekII/LK;DE-HE/SekII/GK;DE-HE/SekII/LK
0b55e592-3335-52e4-8b4f-79c53f32400b,protected67_D_anchor_union,Unabhängige Chromosomenverteilung bei der Meiose erläutern,True,True,True,False,navigationOrder;pageFingerprint;pageNumber;reverseRequires;treeOrder,DE-NI/SekI/,DE-NI/SekI/
0d5a960d-480f-55fb-9116-c08fffe217b3,protected67_D_anchor_union,Familienähnlichkeiten als Indiz für Verwandtschaft deuten,True,True,True,False,navigationOrder;pageFingerprint;pageNumber;reverseRequires;treeOrder,DE-NI/SekI/,DE-NI/SekI/
0dbe758c-73c8-530b-bbbd-fb55540f942f,protected67_D_anchor_union,Enzymkatalyse beschreiben,True,True,True,False,pageFingerprint;reverseRequires,DE-BB/SekI/;DE-BE/SekI/;DE-BY/SekI/;DE-HE/SekII/GK;DE-HE/SekII/LK;DE-MV/SekI/;DE-NI/SekI/;DE-NW/SekI/;DE-SH/SekI/;DE-SN/SekI/;DE-ST/SekI/;DE-TH/SekI/,DE-BB/SekI/;DE-BE/SekI/;DE-BY/SekI/;DE-HE/SekII/GK;DE-HE/SekII/LK;DE-MV/SekI/;DE-NI/SekI/;DE-NW/SekI/;DE-SH/SekI/;DE-SN/SekI/;DE-ST/SekI/;DE-TH/SekI/
0dd8380d-b542-5126-8d8e-f95d9ccded90,protected67_D_anchor_union,Freie Trisomie 21 als Genommutation erklären,True,True,True,True,,DE-BW/SekI/;DE-BY/SekI/;DE-BY/SekII/GK;DE-BY/SekII/LK;DE-HE/SekII/GK;DE-HE/SekII/LK;DE-NW/SekI/;DE-SN/SekI/;DE-TH/SekI/,DE-BW/SekI/;DE-BY/SekI/;DE-BY/SekII/GK;DE-BY/SekII/LK;DE-HE/SekII/GK;DE-HE/SekII/LK;DE-NW/SekI/;DE-SN/SekI/;DE-TH/SekI/
0f1549f6-8341-53b0-8161-5eaeb2b37809,protected67_D_anchor_union,Beobachtungen dokumentieren und auswerten,True,True,True,True,,DE-BB/SekI/;DE-BE/SekI/;DE-BW/SekI/;DE-BY/SekI/;DE-HB/SekI/;DE-HH/SekI/;DE-MV/SekI/;DE-NI/SekI/;DE-NW/SekI/;DE-RP/SekI/;DE-SH/SekI/;DE-SL/SekI/;DE-SN/SekI/;DE-ST/SekI/;DE-TH/SekI/,DE-BB/SekI/;DE-BE/SekI/;DE-BW/SekI/;DE-BY/SekI/;DE-HB/SekI/;DE-HH/SekI/;DE-MV/SekI/;DE-NI/SekI/;DE-NW/SekI/;DE-RP/SekI/;DE-SH/SekI/;DE-SL/SekI/;DE-SN/SekI/;DE-ST/SekI/;DE-TH/SekI/
1042bb24-96ba-553b-a956-abaf9c74dc43,protected67_D_anchor_union,Endosymbiontentheorie erklären,True,True,True,True,,DE-HE/SekII/GK;DE-HE/SekII/LK,DE-HE/SekII/GK;DE-HE/SekII/LK
11e90f71-a9a4-5a57-b619-ad5d81e81f96,protected67_D_anchor_union,Kennzeichen des Lebens erläutern,True,True,True,True,,DE-BB/SekI/;DE-BE/SekI/;DE-HE/SekII/GK;DE-HE/SekII/LK;DE-HH/SekI/;DE-MV/SekI/;DE-NW/SekI/;DE-SL/SekI/;DE-SN/SekI/;DE-ST/SekI/;DE-TH/SekI/,DE-BB/SekI/;DE-BE/SekI/;DE-HE/SekII/GK;DE-HE/SekII/LK;DE-HH/SekI/;DE-MV/SekI/;DE-NW/SekI/;DE-SL/SekI/;DE-SN/SekI/;DE-ST/SekI/;DE-TH/SekI/
1984fd66-c117-5c29-87b3-1c1626e4ba81,protected67_D_anchor_union,Substratabhängigkeit der Enzymaktivität deuten,True,True,True,True,,DE-HE/SekII/GK;DE-HE/SekII/LK,DE-HE/SekII/GK;DE-HE/SekII/LK
2164195d-2987-54d6-8f9a-cbb1c3a3b6cb,protected67_D_anchor_union,Arten als Fortpflanzungsgemeinschaft unterscheiden,True,True,True,False,navigationOrder;pageFingerprint;pageNumber;treeOrder,DE-NI/SekI/,DE-NI/SekI/
2517be3f-e42f-5e41-889d-70f00dc24686,protected67_D_anchor_union,Frühe Embryonalentwicklung skizzieren,True,True,True,True,,DE-HE/SekII/GK;DE-HE/SekII/LK,DE-HE/SekII/GK;DE-HE/SekII/LK
26aa47b7-e5cc-5131-8980-0ec3271758b6,protected67_D_anchor_union,Untersuchungen durchführen und protokollieren,True,True,True,True,,DE-BB/SekI/;DE-BE/SekI/;DE-BW/SekI/;DE-BY/SekI/;DE-HB/SekI/;DE-HH/SekI/;DE-MV/SekI/;DE-NI/SekI/;DE-NW/SekI/;DE-RP/SekI/;DE-SH/SekI/;DE-SL/SekI/;DE-SN/SekI/;DE-ST/SekI/;DE-TH/SekI/,DE-BB/SekI/;DE-BE/SekI/;DE-BW/SekI/;DE-BY/SekI/;DE-HB/SekI/;DE-HH/SekI/;DE-MV/SekI/;DE-NI/SekI/;DE-NW/SekI/;DE-RP/SekI/;DE-SH/SekI/;DE-SL/SekI/;DE-SN/SekI/;DE-ST/SekI/;DE-TH/SekI/
28850d2e-062d-5341-ac66-bd787a8fc84f,protected67_D_anchor_union,Proteinaufbau modellieren,True,True,True,True,,DE-BB/SekI/;DE-BE/SekI/;DE-BY/SekI/;DE-HE/SekII/GK;DE-HE/SekII/LK;DE-MV/SekI/;DE-NI/SekI/;DE-NW/SekI/;DE-SH/SekI/;DE-SN/SekI/;DE-ST/SekI/;DE-TH/SekI/,DE-BB/SekI/;DE-BE/SekI/;DE-BY/SekI/;DE-HE/SekII/GK;DE-HE/SekII/LK;DE-MV/SekI/;DE-NI/SekI/;DE-NW/SekI/;DE-SH/SekI/;DE-SN/SekI/;DE-ST/SekI/;DE-TH/SekI/
2ae2da43-73d5-578f-84f4-be0585a7d8f9,protected67_D_anchor_union,Arten anhand körperlicher Merkmale hierarchisch einordnen,True,True,True,False,navigationOrder;pageFingerprint;pageNumber;treeOrder,DE-NI/SekI/,DE-NI/SekI/
2eaabe90-46bf-555e-876b-d853434a322d,protected67_D_anchor_union,"Daten, Hypothesen und Fehlerquellen deuten",True,True,True,True,,DE-BB/SekI/;DE-BE/SekI/;DE-BW/SekI/;DE-BY/SekI/;DE-HB/SekI/;DE-HH/SekI/;DE-MV/SekI/;DE-NI/SekI/;DE-NW/SekI/;DE-RP/SekI/;DE-SH/SekI/;DE-SL/SekI/;DE-SN/SekI/;DE-ST/SekI/;DE-TH/SekI/,DE-BB/SekI/;DE-BE/SekI/;DE-BW/SekI/;DE-BY/SekI/;DE-HB/SekI/;DE-HH/SekI/;DE-MV/SekI/;DE-NI/SekI/;DE-NW/SekI/;DE-RP/SekI/;DE-SH/SekI/;DE-SL/SekI/;DE-SN/SekI/;DE-ST/SekI/;DE-TH/SekI/
3417bb28-e707-57fc-8484-311d4966e26a,protected67_D_anchor_union,Variabilität durch Mutation und Rekombination erklären,True,True,True,False,navigationOrder;pageFingerprint;pageNumber;requires;reverseRequires;treeOrder,DE-NI/SekI/,DE-NI/SekI/
359e6313-cd86-54d1-bee5-8e680101dc32,protected67_D_anchor_union,Innerartliche Variation über Generationen erklären,True,True,True,False,navigationOrder;pageFingerprint;pageNumber;reverseRequires;treeOrder,DE-NI/SekI/,DE-NI/SekI/
36d3bf01-e68b-55be-8e20-5652ada36a51,protected67_D_anchor_union,Erbgleichheit durch Mitose am Chromosomenmodell begründen,True,True,True,False,navigationOrder;pageFingerprint;pageNumber;treeOrder,DE-NI/SekI/,DE-NI/SekI/
37147890-84e4-5ba7-80e1-92fbf2070d7c,protected67_D_anchor_union,Aussagegrenzen eines Karyogramms einordnen,True,True,True,True,,DE-HE/SekII/GK;DE-HE/SekII/LK,DE-HE/SekII/GK;DE-HE/SekII/LK
3891b735-9d0d-5eef-b653-6ad58b9181f6,protected67_D_anchor_union,Gentherapie prinzipiell erklären,True,True,True,True,,DE-HE/SekII/GK;DE-HE/SekII/LK,DE-HE/SekII/GK;DE-HE/SekII/LK
3d6b2504-346e-521f-8372-7269ec3a7091,protected67_D_anchor_union,Variabilitätsvorteil geschlechtlicher Fortpflanzung erläutern,True,True,True,False,navigationOrder;pageFingerprint;pageNumber;requires;treeOrder,DE-NI/SekI/,DE-NI/SekI/
440854be-7f06-5678-91cb-ba8dcab56959,protected67_D_anchor_union,Stammbäume analysieren,True,True,True,False,pageFingerprint;pageNumber;requires;reverseRequires,DE-BB/SekI/;DE-BE/SekI/;DE-BW/SekI/;DE-BY/SekII/GK;DE-BY/SekII/LK;DE-HE/SekII/GK;DE-HE/SekII/LK;DE-HH/SekI/;DE-MV/SekI/;DE-NI/SekI/;DE-NW/SekI/;DE-SH/SekI/;DE-SN/SekI/;DE-ST/SekI/;DE-TH/SekI/,DE-BB/SekI/;DE-BE/SekI/;DE-BW/SekI/;DE-BY/SekII/GK;DE-BY/SekII/LK;DE-HE/SekII/GK;DE-HE/SekII/LK;DE-HH/SekI/;DE-MV/SekI/;DE-NI/SekI/;DE-NW/SekI/;DE-SH/SekI/;DE-SN/SekI/;DE-ST/SekI/;DE-TH/SekI/
49dbe8fa-7c4a-5ef5-9cd7-a40b60bf88dd,protected67_D_anchor_union,Bakterielle Zweiteilung modellhaft erklären,True,True,True,False,applicability;pageFingerprint,DE-BY/SekI/;DE-HE/SekII/LK;DE-MV/SekI/;DE-NW/SekI/;DE-SH/SekI/;DE-SN/SekI/;DE-ST/SekI/,DE-BY/SekI/;DE-HE/SekII/LK;DE-MV/SekI/;DE-SH/SekI/;DE-SN/SekI/;DE-ST/SekI/
56663bb4-dad6-5ffd-a486-00f29600ef66,protected67_D_anchor_union,Morphogenese erklären,True,True,True,True,,DE-HE/SekII/GK;DE-HE/SekII/LK,DE-HE/SekII/GK;DE-HE/SekII/LK
5a47f591-f2ac-5457-872a-22c89c2dbe93,protected67_D_anchor_union,Quellen zu biologischen Fragestellungen auswerten,True,True,True,True,,DE-BB/SekI/;DE-BE/SekI/;DE-BW/SekI/;DE-BY/SekI/;DE-HB/SekI/;DE-HH/SekI/;DE-MV/SekI/;DE-NI/SekI/;DE-NW/SekI/;DE-RP/SekI/;DE-SH/SekI/;DE-SL/SekI/;DE-SN/SekI/;DE-ST/SekI/;DE-TH/SekI/,DE-BB/SekI/;DE-BE/SekI/;DE-BW/SekI/;DE-BY/SekI/;DE-HB/SekI/;DE-HH/SekI/;DE-MV/SekI/;DE-NI/SekI/;DE-NW/SekI/;DE-RP/SekI/;DE-SH/SekI/;DE-SL/SekI/;DE-SN/SekI/;DE-ST/SekI/;DE-TH/SekI/
5b2571d9-f079-52b2-b21b-8f389c7409f4,protected67_D_anchor_union,Bakteriellen Zellbau einordnen,True,True,True,False,applicability;pageFingerprint,DE-BY/SekI/;DE-HE/SekII/LK;DE-MV/SekI/;DE-NW/SekI/;DE-SH/SekI/;DE-SN/SekI/;DE-ST/SekI/;DE-TH/SekI/,DE-BY/SekI/;DE-HE/SekII/LK;DE-MV/SekI/;DE-SH/SekI/;DE-SN/SekI/;DE-ST/SekI/;DE-TH/SekI/
5c2ce7b1-30ba-5e9c-99de-1ffac126ec13,protected67_D_anchor_union,Proteinvermittelten Membrantransport erklären,True,True,True,True,,DE-HE/SekII/GK;DE-HE/SekII/LK,DE-HE/SekII/GK;DE-HE/SekII/LK
6199e4c7-06d1-559a-98ab-acf805a478ba,protected67_D_anchor_union,Vom Einzeller zum Vielzeller,True,True,True,True,,DE-HE/SekII/GK;DE-HE/SekII/LK,DE-HE/SekII/GK;DE-HE/SekII/LK
62e52002-b8df-533e-9972-028f3ee60cd1,protected67_D_anchor_union,Geschlechtschromosomen bei der Geschlechtsbestimmung erklären,True,True,True,False,navigationOrder;pageFingerprint;pageNumber;treeOrder,DE-BW/SekI/,DE-BW/SekI/
6a5a9a7a-635c-5cd9-841f-c6b812d147e5,protected67_D_anchor_union,Ähnlichkeiten von Haus- und Wildtieren mit gemeinsamen Vorfahren erklären,True,True,True,False,navigationOrder;pageFingerprint;pageNumber;requires;treeOrder,DE-NI/SekI/,DE-NI/SekI/
6ae33a8e-874c-53ee-858f-c64f1848cfbc,protected67_D_anchor_union,Naturwissenschaftlichen Erkenntnisweg einordnen,True,True,True,True,,DE-BB/SekI/;DE-BE/SekI/;DE-BW/SekI/;DE-BY/SekI/;DE-HB/SekI/;DE-HH/SekI/;DE-MV/SekI/;DE-NI/SekI/;DE-NW/SekI/;DE-RP/SekI/;DE-SH/SekI/;DE-SL/SekI/;DE-SN/SekI/;DE-ST/SekI/;DE-TH/SekI/,DE-BB/SekI/;DE-BE/SekI/;DE-BW/SekI/;DE-BY/SekI/;DE-HB/SekI/;DE-HH/SekI/;DE-MV/SekI/;DE-NI/SekI/;DE-NW/SekI/;DE-RP/SekI/;DE-SH/SekI/;DE-SL/SekI/;DE-SN/SekI/;DE-ST/SekI/;DE-TH/SekI/
713e062d-2bb9-5fbc-8040-129387c7d3ca,protected67_D_anchor_union,Modelle für Wechselwirkungen nutzen und begrenzen,True,True,True,True,,DE-BB/SekI/;DE-BE/SekI/;DE-BW/SekI/;DE-BY/SekI/;DE-HB/SekI/;DE-HH/SekI/;DE-MV/SekI/;DE-NI/SekI/;DE-NW/SekI/;DE-RP/SekI/;DE-SH/SekI/;DE-SL/SekI/;DE-SN/SekI/;DE-ST/SekI/;DE-TH/SekI/,DE-BB/SekI/;DE-BE/SekI/;DE-BW/SekI/;DE-BY/SekI/;DE-HB/SekI/;DE-HH/SekI/;DE-MV/SekI/;DE-NI/SekI/;DE-NW/SekI/;DE-RP/SekI/;DE-SH/SekI/;DE-SL/SekI/;DE-SN/SekI/;DE-ST/SekI/;DE-TH/SekI/
72fac740-85c5-593f-9115-8a98d0106bf1,protected67_D_anchor_union,Evolution durch Variabilität und Selektion erklären,True,True,True,False,navigationOrder;pageFingerprint;pageNumber;requires;reverseRequires;treeOrder,DE-NI/SekI/,DE-NI/SekI/
73b66ead-e44a-5486-98e3-1fb3f99620a6,protected67_D_anchor_union,Gentests beurteilen,True,True,True,False,pageFingerprint;pageNumber;requires,DE-HE/SekII/GK;DE-HE/SekII/LK,DE-HE/SekII/GK;DE-HE/SekII/LK
7a79fda6-d629-5aea-9305-fc19f174bc4a,protected67_D_anchor_union,Membranmodelle vergleichen,True,True,True,True,,DE-HE/SekII/GK;DE-HE/SekII/LK,DE-HE/SekII/GK;DE-HE/SekII/LK
7c6bf0cc-6ed8-56b1-b44a-642f7a069a5f,protected67_D_anchor_union,Zelltypen unterscheiden,True,True,True,True,,DE-BB/SekI/;DE-BE/SekI/;DE-BW/SekI/;DE-BY/SekI/;DE-HE/SekII/GK;DE-HE/SekII/LK;DE-HH/SekI/;DE-MV/SekI/;DE-NI/SekI/;DE-NW/SekI/;DE-RP/SekI/;DE-SH/SekI/;DE-SL/SekI/;DE-SN/SekI/;DE-ST/SekI/;DE-TH/SekI/,DE-BB/SekI/;DE-BE/SekI/;DE-BW/SekI/;DE-BY/SekI/;DE-HE/SekII/GK;DE-HE/SekII/LK;DE-HH/SekI/;DE-MV/SekI/;DE-NI/SekI/;DE-NW/SekI/;DE-RP/SekI/;DE-SH/SekI/;DE-SL/SekI/;DE-SN/SekI/;DE-ST/SekI/;DE-TH/SekI/
861fbc18-06a1-56e3-8619-fd47534d7a5d,protected67_D_anchor_union,Transportprozesse experimentell untersuchen,True,True,True,True,,DE-BW/SekI/;DE-HE/SekII/GK;DE-HE/SekII/LK,DE-BW/SekI/;DE-HE/SekII/GK;DE-HE/SekII/LK
87ce1746-9904-56ad-9705-ffabbd918c5b,protected67_D_anchor_union,Heimische Laubbäume kennen und erkennen,True,True,True,False,navigationOrder;pageFingerprint;pageNumber;treeOrder,DE-NI/SekI/,DE-NI/SekI/
8eb86a82-122d-5cae-8f80-bb2850b29c2f,protected67_D_anchor_union,Gelelektrophorese auswerten,True,True,True,True,,DE-BY/SekII/GK;DE-BY/SekII/LK;DE-HE/SekII/GK;DE-HE/SekII/LK,DE-BY/SekII/GK;DE-BY/SekII/LK;DE-HE/SekII/GK;DE-HE/SekII/LK
8f6933b1-6e02-5512-acf2-a90a7fb9cb75,protected67_D_anchor_union,Histonmodifikation analysieren,True,True,True,True,,DE-HE/SekII/LK,DE-HE/SekII/LK
9344c5ce-a07a-5d02-8c56-35320f19a934,protected67_D_anchor_union,Eignung von Modellorganismen begründen,True,True,True,True,,DE-HE/SekII/GK;DE-HE/SekII/LK,DE-HE/SekII/GK;DE-HE/SekII/LK
9425347d-25bd-5095-9198-7574f255c938,protected67_D_anchor_union,Merkmale und Gemeinsamkeiten der fünf Wirbeltiergruppen nennen,True,True,True,False,navigationOrder;pageFingerprint;pageNumber;treeOrder,DE-NI/SekI/,DE-NI/SekI/
946ce2e7-c30d-5670-839d-003b0619c284,protected67_D_anchor_union,Transkriptionsfaktoren bei Eukaryoten erklären,True,True,True,True,,DE-BY/SekII/GK;DE-BY/SekII/LK;DE-HE/SekII/GK;DE-HE/SekII/LK,DE-BY/SekII/GK;DE-BY/SekII/LK;DE-HE/SekII/GK;DE-HE/SekII/LK
9d931642-2287-5277-adb2-082403ad25af,protected67_D_anchor_union,Pflanzliche Entwicklung beschreiben,True,True,True,True,,DE-HE/SekII/GK;DE-HE/SekII/LK;DE-NI/SekI/;DE-SL/SekI/,DE-HE/SekII/GK;DE-HE/SekII/LK;DE-NI/SekI/;DE-SL/SekI/
9e459608-bdea-55a1-b9c5-214bbd741be6,protected67_D_anchor_union,Abschnittsaustausch bei der Meiose erläutern,True,True,True,False,navigationOrder;pageFingerprint;pageNumber;reverseRequires;treeOrder,DE-NI/SekI/,DE-NI/SekI/
a545b28f-81de-5495-a537-c81cb66daaba,protected67_D_anchor_union,Meristemfunktionen verstehen,True,True,True,True,,DE-HE/SekII/GK;DE-HE/SekII/LK,DE-HE/SekII/GK;DE-HE/SekII/LK
c5435624-7b6a-5330-b8cc-0d3186e19911,protected67_D_anchor_union,Embryonale Schädigungen anhand von Befunden beurteilen,True,True,True,True,,DE-HE/SekII/GK;DE-HE/SekII/LK,DE-HE/SekII/GK;DE-HE/SekII/LK
ceb54223-197c-5289-a9c6-19358912e144,protected67_D_anchor_union,RNA-Interferenz erklären,True,True,True,True,,DE-HE/SekII/LK,DE-HE/SekII/LK
d06adc48-b845-54af-b17c-06b5cb910b11,protected67_D_anchor_union,pH-Abhängigkeit der Enzymaktivität deuten,True,True,True,True,,DE-HE/SekII/GK;DE-HE/SekII/LK,DE-HE/SekII/GK;DE-HE/SekII/LK
d137e36c-bcdd-5e81-98fa-59af778f1439,protected67_D_anchor_union,Individuum und Population unterscheiden,True,True,True,False,navigationOrder;pageFingerprint;pageNumber;reverseRequires;treeOrder,DE-NI/SekI/,DE-NI/SekI/
d71e2310-2331-5e66-b7df-c2807fccb329,protected67_D_anchor_union,Organisationsstufen eines Vielzellers erläutern,True,True,True,True,,DE-HE/SekII/GK;DE-HE/SekII/LK,DE-HE/SekII/GK;DE-HE/SekII/LK
d7f1ce33-002e-5da6-9a74-bcfb28ea06d3,protected67_D_anchor_union,Züchtung durch Auswahl geeigneter Varianten erläutern,True,True,True,False,navigationOrder;pageFingerprint;pageNumber;requires;treeOrder,DE-NI/SekI/,DE-NI/SekI/
d97f6957-fbc9-569c-8648-f7df5eb9dfd8,protected67_D_anchor_union,Fragestellungen und Untersuchungen planen,True,True,True,True,,DE-BB/SekI/;DE-BE/SekI/;DE-BW/SekI/;DE-BY/SekI/;DE-HB/SekI/;DE-HH/SekI/;DE-MV/SekI/;DE-NI/SekI/;DE-NW/SekI/;DE-RP/SekI/;DE-SH/SekI/;DE-SL/SekI/;DE-SN/SekI/;DE-ST/SekI/;DE-TH/SekI/,DE-BB/SekI/;DE-BE/SekI/;DE-BW/SekI/;DE-BY/SekI/;DE-HB/SekI/;DE-HH/SekI/;DE-MV/SekI/;DE-NI/SekI/;DE-NW/SekI/;DE-RP/SekI/;DE-SH/SekI/;DE-SL/SekI/;DE-SN/SekI/;DE-ST/SekI/;DE-TH/SekI/
dd196715-a463-5379-8cdb-7a951372f5fd,protected67_D_anchor_union,Allosterische Regulation erläutern,True,True,True,True,,DE-HE/SekII/GK;DE-HE/SekII/LK,DE-HE/SekII/GK;DE-HE/SekII/LK
e063b97d-9e03-5094-8c73-72a3eeec803d,protected67_D_anchor_union,Ein einfaches Biomembranmodell darstellen,True,True,True,True,,DE-HE/SekII/GK;DE-HE/SekII/LK,DE-HE/SekII/GK;DE-HE/SekII/LK
e1484671-208b-5ad1-a71d-7d994fb2174b,protected67_D_anchor_union,Zellzyklusabschnitte erläutern,True,True,True,True,,DE-HE/SekII/GK;DE-HE/SekII/LK,DE-HE/SekII/GK;DE-HE/SekII/LK
e566ae2f-1294-55c0-ba4c-6aeb4954118c,protected67_D_anchor_union,RGT-Regel anwenden,True,True,True,True,,DE-HE/SekII/GK;DE-HE/SekII/LK,DE-HE/SekII/GK;DE-HE/SekII/LK
e76315b1-2fed-525c-8efa-ca09da46f632,protected67_D_anchor_union,Diffusion und Osmose erklären,True,True,True,True,,DE-HE/SekII/GK;DE-HE/SekII/LK,DE-HE/SekII/GK;DE-HE/SekII/LK
ec88fc1d-ee0f-5a01-9464-dc358241050e,protected67_D_anchor_union,Mitose und Meiose vergleichen,True,True,True,True,,DE-BB/SekI/;DE-BE/SekI/;DE-BW/SekI/;DE-HE/SekII/GK;DE-HE/SekII/LK;DE-HH/SekI/;DE-MV/SekI/;DE-NI/SekI/;DE-NW/SekI/;DE-SH/SekI/;DE-SN/SekI/;DE-ST/SekI/;DE-TH/SekI/,DE-BB/SekI/;DE-BE/SekI/;DE-BW/SekI/;DE-HE/SekII/GK;DE-HE/SekII/LK;DE-HH/SekI/;DE-MV/SekI/;DE-NI/SekI/;DE-NW/SekI/;DE-SH/SekI/;DE-SN/SekI/;DE-ST/SekI/;DE-TH/SekI/
eda5b810-d9d3-5319-9c4f-5b48715b26f2,protected67_D_anchor_union,Individuelle Anpassung und erbliche Angepasstheit unterscheiden,True,True,True,False,navigationOrder;pageFingerprint;pageNumber;requires;treeOrder,DE-NI/SekI/,DE-NI/SekI/
f539fe51-1f6f-5e04-abfe-af3d2e4d2aad,protected67_D_anchor_union,Temperaturabhängigkeit der Enzymaktivität deuten,True,True,True,False,pageFingerprint;reverseRequires,DE-HE/SekII/GK;DE-HE/SekII/LK,DE-HE/SekII/GK;DE-HE/SekII/LK
f53d0a0b-d9b8-5012-92b5-3a021ab6c30b,protected67_D_anchor_union,CRISPR/Cas erläutern,True,True,True,True,,DE-HE/SekII/LK;DE-RP/SekI/,DE-HE/SekII/LK;DE-RP/SekI/
fc8c4b02-02f2-5ad6-b481-224d36121da1,protected67_D_anchor_union,Zellorganellen zuordnen,True,True,True,True,,DE-BB/SekI/;DE-BE/SekI/;DE-BW/SekI/;DE-BY/SekII/GK;DE-BY/SekII/LK;DE-HE/SekII/GK;DE-HE/SekII/LK;DE-HH/SekI/;DE-MV/SekI/;DE-NI/SekI/;DE-NW/SekI/;DE-RP/SekI/;DE-SH/SekI/;DE-SN/SekI/;DE-ST/SekI/;DE-TH/SekI/,DE-BB/SekI/;DE-BE/SekI/;DE-BW/SekI/;DE-BY/SekII/GK;DE-BY/SekII/LK;DE-HE/SekII/GK;DE-HE/SekII/LK;DE-HH/SekI/;DE-MV/SekI/;DE-NI/SekI/;DE-NW/SekI/;DE-RP/SekI/;DE-SH/SekI/;DE-SN/SekI/;DE-ST/SekI/;DE-TH/SekI/
