atom_a	atom_b	bond_type	rod_length_mm
Nplus	C1	1	14.800
C1	C2	1	15.300
C2	C3	1	15.200
C3	O	2	12.500
C3	N4	amide-restricted	13.500
N4	C5	1	14.700
N4	HN4	1	10.100
Nplus	HNplus1	1	10.200
Nplus	HNplus2	1	10.200
Nplus	HNplus3	1	10.200
P1	P2	aromatic	14.000
P2	P3	aromatic	14.000
P3	P4	aromatic	14.000
P4	P5	aromatic	14.000
P5	P6	aromatic	14.000
P6	P1	aromatic	14.000
C5	P1	1	15.100
C1	HC1_1	1	10.900
C1	HC1_2	1	10.900
C2	HC2_1	1	10.900
C2	HC2_2	1	10.900
C5	HC5_1	1	10.900
C5	HC5_2	1	10.900
P2	HP2	1	10.800
P3	HP3	1	10.800
P4	HP4	1	10.800
P5	HP5	1	10.800
P6	HP6	1	10.800
